TYPE,TRACE,A,,,,,,,,,,,,,,,,,,,,,,,,,,,,,,,,,,,,,,,
,,,,,,,,,,,,,,,,,,,,,,,,,,,,,,,,,,,,,,,,,
DATE & TIME,03Nov2023 06:48AM MST,,,,,,,,,,,,,,,,,,,,,,,,,,,,,,,,,,,,,,,,
INSTRUMENT,86140A,SN US38380207,REV A.01.01,,,,,,,,,,,,,,,,,,,,,,,,,,,,,,,,,,,,,,
AIR/VACUUM/STP,VACUUM,,,,,,,,,,,,,,,,,,,,,,,,,,,,,,,,,,,,,,,,
,,,,,,,,,,,,,,,,,,,,,,,,,,,,,,,,,,,,,,,,,
TRACE,A,,,,,,,,,,,,,,,,,,,,,,,,,,,,,,,,,,,,,,,,
START,1025.25,,,,,,10,,,,,,,,,,,,,,,,,,,,,,,,,,,,,,,,,,
STOP,1035.25,,,,,,,,,,,,,,,,,,,,,,,,,,,,,,,,,,,,,,,,
HORIZONTAL SCALE,nm,,,,,,0.00999001,,,,,,,,,,,,,,,,,,,,,,,,,,,,,,,,,,
LENGTH (pts),1001,,,,,,,,,,,,,,,,,,,,,,,,,,,,,,,,,,,,,,,,
RBW (nm),0.1,,,,,,,,,,,,,,,,,,,,,,,,,,,,,,,,,,,,,,,,
VBW (Hz),194,,,100.1,,,,,,,,,,,,,,,,,,,,,,,,,,,,,,,,,,,,,
,,,,,,,,,,,,,,,,,,,,,,,,,,,,,,,,,,,,,,,,,
REFERENCE LEVEL (dBm),-44.66,,,,,,,,,,,,,,,,,,,,,,,,,,,,,,,,,,,,,,,,
VERTICAL SCALE,dBm,,,,,,,,,,,,,,,,,,,,,,,,,,,,,,,,,,,,,,,,
SENSITIVITY (dBm),-82.04,,,,,,,,,,,,,,,,,,,,,,,,,,,,,,,,,,,,,,,,
,,,,,,,,,,,,,,,,,,,,,,,,,,,,,,,,,,,,,,,,,
AVERAGING,OFF,,,,,,,,,,,,,,,,,,,,,,,,,,,,,,,,,,,,,,,,
MIN,OFF,,,,,,,,,,,,,,,,,,,,,,,,,,,,,,,,,,,,,,,,
MAX,OFF,,,,,,,,,,,,,,,,,,,,,,,,,,,,,,,,,,,,,,,,
SMOOTHING,OFF,,,,,,,,,,,,,,,,,,,,,,,,,,,,,,,,,,,,,,,,
TRACE MATH,OFF,,,,,,,,,,,,,,,,,,,,,,,,,,,,,,,,,,,,,,,,
,,,,,,,,,,,,,,,,,,,,,,,,,,,,,,,,,,,,,,,,,
MARKER,1,,,,,,,,,,,,,,,,,,,,,,,,,,,,,,,,,,,,,,,,
MARKER TRACE,A,,,,,,,,,,,,,,,,,,,,,,,,,,,,,,,,,,,,,,,,
MARKER X POSITION,1030.25,,,,,,,,,,,,,,,,,,,,,,,,,,,,,,,,,,,,,,,,
MARKER AMPLITUDE,-44.672,,,,,,,,,,,,,,,,,,,,,,,,,,,,,,,,,,,,,,,,
MARKER UNITS,dBm,,,,,,,,,,,,,,,,,,,,,,,,,,,,,,,,,,,,,,,,
,,,,,,,,,,,,,,,,,,,,,,,,,,,,,,,,,,,,,,,,,
INDEX,A,,,,,,,,,,,,,,,,,,,,,,,,,,,,,,,,,,,,,,,,
1,-84.515,1025.25,-84.515,,,,,,,,,,,,,,,,,,,,,,,,,,,,,,,,,,,,,,
2,-82.054,1025.25999,-82.054,,,,,,,,,,,,,,,,,,,,,,,,,,,,,,,,,,,,,,
3,-84.723,1025.26998,-84.723,,,,,,,,,,,,,,,,,,,,,,,,,,,,,,,,,,,,,,
4,-83.725,1025.27997,-83.725,,,,,,,,,,,,,,,,,,,,,,,,,,,,,,,,,,,,,,
5,-84.442,1025.28996,-84.442,,,,,,,,,,,,,,,,,,,,,,,,,,,,,,,,,,,,,,
6,-81.925,1025.29995,-81.925,,,,,,,,,,,,,,,,,,,,,,,,,,,,,,,,,,,,,,
7,-82.525,1025.30994,-82.525,,,,,,,,,,,,,,,,,,,,,,,,,,,,,,,,,,,,,,
8,-82.85,1025.31993,-82.85,,,,,,,,,,,,,,,,,,,,,,,,,,,,,,,,,,,,,,
9,-82.064,1025.32992,-82.064,,,,,,,,,,,,,,,,,,,,,,,,,,,,,,,,,,,,,,
10,-82.557,1025.33991,-82.557,,,,,,,,,,,,,,,,,,,,,,,,,,,,,,,,,,,,,,
11,-85.706,1025.3499,-85.706,,,,,,,,,,,,,,,,,,,,,,,,,,,,,,,,,,,,,,
12,-84.713,1025.35989,-84.713,,,,,,,,,,,,,,,,,,,,,,,,,,,,,,,,,,,,,,
13,-83.891,1025.36988,-83.891,,,,,,,,,,,,,,,,,,,,,,,,,,,,,,,,,,,,,,
14,-82.286,1025.37987,-82.286,,,,,,,,,,,,,,,,,,,,,,,,,,,,,,,,,,,,,,
15,-86.094,1025.38986,-86.094,,,,,,,,,,,,,,,,,,,,,,,,,,,,,,,,,,,,,,
16,-85.916,1025.39985,-85.916,,,,,,,,,,,,,,,,,,,,,,,,,,,,,,,,,,,,,,
17,-85.708,1025.40984,-85.708,,,,,,,,,,,,,,,,,,,,,,,,,,,,,,,,,,,,,,
18,-83.838,1025.41983,-83.838,,,,,,,,,,,,,,,,,,,,,,,,,,,,,,,,,,,,,,
19,-84.608,1025.42982,-84.608,,,,,,,,,,,,,,,,,,,,,,,,,,,,,,,,,,,,,,
20,-83.951,1025.43981,-83.951,,,,,,,,,,,,,,,,,,,,,,,,,,,,,,,,,,,,,,
21,-85.575,1025.4498,-85.575,,,,,,,,,,,,,,,,,,,,,,,,,,,,,,,,,,,,,,
22,-85.111,1025.45979,-85.111,,,,,,,,,,,,,,,,,,,,,,,,,,,,,,,,,,,,,,
23,-84.036,1025.46978,-84.036,,,,,,,,,,,,,,,,,,,,,,,,,,,,,,,,,,,,,,
24,-84.869,1025.47977,-84.869,,,,,,,,,,,,,,,,,,,,,,,,,,,,,,,,,,,,,,
25,-85.9,1025.48976,-85.9,,,,,,,,,,,,,,,,,,,,,,,,,,,,,,,,,,,,,,
26,-85.069,1025.49975,-85.069,,,,,,,,,,,,,,,,,,,,,,,,,,,,,,,,,,,,,,
27,-86.312,1025.50974,-86.312,,,,,,,,,,,,,,,,,,,,,,,,,,,,,,,,,,,,,,
28,-82.372,1025.51973,-82.372,,,,,,,,,,,,,,,,,,,,,,,,,,,,,,,,,,,,,,
29,-84.227,1025.52972,-84.227,,,,,,,,,,,,,,,,,,,,,,,,,,,,,,,,,,,,,,
30,-85.655,1025.53971,-85.655,,,,,,,,,,,,,,,,,,,,,,,,,,,,,,,,,,,,,,
31,-87.088,1025.5497,-87.088,,,,,,,,,,,,,,,,,,,,,,,,,,,,,,,,,,,,,,
32,-84.544,1025.55969,-84.544,,,,,,,,,,,,,,,,,,,,,,,,,,,,,,,,,,,,,,
33,-84.664,1025.56968,-84.664,,,,,,,,,,,,,,,,,,,,,,,,,,,,,,,,,,,,,,
34,-83.344,1025.57967,-83.344,,,,,,,,,,,,,,,,,,,,,,,,,,,,,,,,,,,,,,
35,-84.154,1025.58966,-84.154,,,,,,,,,,,,,,,,,,,,,,,,,,,,,,,,,,,,,,
36,-85.349,1025.59965,-85.349,,,,,,,,,,,,,,,,,,,,,,,,,,,,,,,,,,,,,,
37,-84.545,1025.60964,-84.545,,,,,,,,,,,,,,,,,,,,,,,,,,,,,,,,,,,,,,
38,-84.056,1025.61963,-84.056,,,,,,,,,,,,,,,,,,,,,,,,,,,,,,,,,,,,,,
39,-83.513,1025.62962,-83.513,,,,,,,,,,,,,,,,,,,,,,,,,,,,,,,,,,,,,,
40,-82.56,1025.63961,-82.56,,,,,,,,,,,,,,,,,,,,,,,,,,,,,,,,,,,,,,
41,-82.677,1025.6496,-82.677,,,,,,,,,,,,,,,,,,,,,,,,,,,,,,,,,,,,,,
42,-85.175,1025.65959,-85.175,,,,,,,,,,,,,,,,,,,,,,,,,,,,,,,,,,,,,,
43,-83.781,1025.66958,-83.781,,,,,,,,,,,,,,,,,,,,,,,,,,,,,,,,,,,,,,
44,-81.781,1025.67957,-81.781,,,,,,,,,,,,,,,,,,,,,,,,,,,,,,,,,,,,,,
45,-84.014,1025.68956,-84.014,,,,,,,,,,,,,,,,,,,,,,,,,,,,,,,,,,,,,,
46,-83.516,1025.69955,-83.516,,,,,,,,,,,,,,,,,,,,,,,,,,,,,,,,,,,,,,
47,-82.971,1025.70954,-82.971,,,,,,,,,,,,,,,,,,,,,,,,,,,,,,,,,,,,,,
48,-83.763,1025.71953,-83.763,,,,,,,,,,,,,,,,,,,,,,,,,,,,,,,,,,,,,,
49,-86.313,1025.72952,-86.313,,,,,,,,,,,,,,,,,,,,,,,,,,,,,,,,,,,,,,
50,-87.414,1025.73951,-87.414,,,,,,,,,,,,,,,,,,,,,,,,,,,,,,,,,,,,,,
51,-83.965,1025.7495,-83.965,,,,,,,,,,,,,,,,,,,,,,,,,,,,,,,,,,,,,,
52,-87.122,1025.759491,-87.122,,,,,,,,,,,,,,,,,,,,,,,,,,,,,,,,,,,,,,
53,-87.473,1025.769481,-87.473,,,,,,,,,,,,,,,,,,,,,,,,,,,,,,,,,,,,,,
54,-85.244,1025.779471,-85.244,,,,,,,,,,,,,,,,,,,,,,,,,,,,,,,,,,,,,,
55,-86.142,1025.789461,-86.142,,,,,,,,,,,,,,,,,,,,,,,,,,,,,,,,,,,,,,
56,-83.382,1025.799451,-83.382,,,,,,,,,,,,,,,,,,,,,,,,,,,,,,,,,,,,,,
57,-81.661,1025.809441,-81.661,,,,,,,,,,,,,,,,,,,,,,,,,,,,,,,,,,,,,,
58,-83.47,1025.819431,-83.47,,,,,,,,,,,,,,,,,,,,,,,,,,,,,,,,,,,,,,
59,-84.4,1025.829421,-84.4,,,,,,,,,,,,,,,,,,,,,,,,,,,,,,,,,,,,,,
60,-82.54,1025.839411,-82.54,,,,,,,,,,,,,,,,,,,,,,,,,,,,,,,,,,,,,,
61,-81.624,1025.849401,-81.624,,,,,,,,,,,,,,,,,,,,,,,,,,,,,,,,,,,,,,
62,-83.892,1025.859391,-83.892,,,,,,,,,,,,,,,,,,,,,,,,,,,,,,,,,,,,,,
63,-86.182,1025.869381,-86.182,,,,,,,,,,,,,,,,,,,,,,,,,,,,,,,,,,,,,,
64,-82.222,1025.879371,-82.222,,,,,,,,,,,,,,,,,,,,,,,,,,,,,,,,,,,,,,
65,-82.473,1025.889361,-82.473,,,,,,,,,,,,,,,,,,,,,,,,,,,,,,,,,,,,,,
66,-83.94,1025.899351,-83.94,,,,,,,,,,,,,,,,,,,,,,,,,,,,,,,,,,,,,,
67,-85.056,1025.909341,-85.056,,,,,,,,,,,,,,,,,,,,,,,,,,,,,,,,,,,,,,
68,-83.395,1025.919331,-83.395,,,,,,,,,,,,,,,,,,,,,,,,,,,,,,,,,,,,,,
69,-82.431,1025.929321,-82.431,,,,,,,,,,,,,,,,,,,,,,,,,,,,,,,,,,,,,,
70,-83.169,1025.939311,-83.169,,,,,,,,,,,,,,,,,,,,,,,,,,,,,,,,,,,,,,
71,-83.256,1025.949301,-83.256,,,,,,,,,,,,,,,,,,,,,,,,,,,,,,,,,,,,,,
72,-84.798,1025.959291,-84.798,,,,,,,,,,,,,,,,,,,,,,,,,,,,,,,,,,,,,,
73,-82.052,1025.969281,-82.052,,,,,,,,,,,,,,,,,,,,,,,,,,,,,,,,,,,,,,
74,-83.056,1025.979271,-83.056,,,,,,,,,,,,,,,,,,,,,,,,,,,,,,,,,,,,,,
75,-82.839,1025.989261,-82.839,,,,,,,,,,,,,,,,,,,,,,,,,,,,,,,,,,,,,,
76,-82.513,1025.999251,-82.513,,,,,,,,,,,,,,,,,,,,,,,,,,,,,,,,,,,,,,
77,-81.951,1026.009241,-81.951,,,,,,,,,,,,,,,,,,,,,,,,,,,,,,,,,,,,,,
78,-82.124,1026.019231,-82.124,,,,,,,,,,,,,,,,,,,,,,,,,,,,,,,,,,,,,,
79,-81.612,1026.029221,-81.612,,,,,,,,,,,,,,,,,,,,,,,,,,,,,,,,,,,,,,
80,-82.506,1026.039211,-82.506,,,,,,,,,,,,,,,,,,,,,,,,,,,,,,,,,,,,,,
81,-83.636,1026.049201,-83.636,,,,,,,,,,,,,,,,,,,,,,,,,,,,,,,,,,,,,,
82,-83.67,1026.059191,-83.67,,,,,,,,,,,,,,,,,,,,,,,,,,,,,,,,,,,,,,
83,-82.84,1026.069181,-82.84,,,,,,,,,,,,,,,,,,,,,,,,,,,,,,,,,,,,,,
84,-82.833,1026.079171,-82.833,,,,,,,,,,,,,,,,,,,,,,,,,,,,,,,,,,,,,,
85,-83.92,1026.089161,-83.92,,,,,,,,,,,,,,,,,,,,,,,,,,,,,,,,,,,,,,
86,-84.96,1026.099151,-84.96,,,,,,,,,,,,,,,,,,,,,,,,,,,,,,,,,,,,,,
87,-83.858,1026.109141,-83.858,,,,,,,,,,,,,,,,,,,,,,,,,,,,,,,,,,,,,,
88,-82.665,1026.119131,-82.665,,,,,,,,,,,,,,,,,,,,,,,,,,,,,,,,,,,,,,
89,-82.077,1026.129121,-82.077,,,,,,,,,,,,,,,,,,,,,,,,,,,,,,,,,,,,,,
90,-83.293,1026.139111,-83.293,,,,,,,,,,,,,,,,,,,,,,,,,,,,,,,,,,,,,,
91,-81.402,1026.149101,-81.402,,,,,,,,,,,,,,,,,,,,,,,,,,,,,,,,,,,,,,
92,-81.854,1026.159091,-81.854,,,,,,,,,,,,,,,,,,,,,,,,,,,,,,,,,,,,,,
93,-82.266,1026.169081,-82.266,,,,,,,,,,,,,,,,,,,,,,,,,,,,,,,,,,,,,,
94,-84.646,1026.179071,-84.646,,,,,,,,,,,,,,,,,,,,,,,,,,,,,,,,,,,,,,
95,-87.311,1026.189061,-87.311,,,,,,,,,,,,,,,,,,,,,,,,,,,,,,,,,,,,,,
96,-82.855,1026.199051,-82.855,,,,,,,,,,,,,,,,,,,,,,,,,,,,,,,,,,,,,,
97,-83.297,1026.209041,-83.297,,,,,,,,,,,,,,,,,,,,,,,,,,,,,,,,,,,,,,
98,-85.078,1026.219031,-85.078,,,,,,,,,,,,,,,,,,,,,,,,,,,,,,,,,,,,,,
99,-83.353,1026.229021,-83.353,,,,,,,,,,,,,,,,,,,,,,,,,,,,,,,,,,,,,,
100,-82.389,1026.239011,-82.389,,,,,,,,,,,,,,,,,,,,,,,,,,,,,,,,,,,,,,
101,-81.216,1026.249001,-81.216,,,,,,,,,,,,,,,,,,,,,,,,,,,,,,,,,,,,,,
102,-84.632,1026.258991,-84.632,,,,,,,,,,,,,,,,,,,,,,,,,,,,,,,,,,,,,,
103,-84.946,1026.268981,-84.946,,,,,,,,,,,,,,,,,,,,,,,,,,,,,,,,,,,,,,
104,-84.507,1026.278971,-84.507,,,,,,,,,,,,,,,,,,,,,,,,,,,,,,,,,,,,,,
105,-82.206,1026.288961,-82.206,,,,,,,,,,,,,,,,,,,,,,,,,,,,,,,,,,,,,,
106,-84.222,1026.298951,-84.222,,,,,,,,,,,,,,,,,,,,,,,,,,,,,,,,,,,,,,
107,-85.687,1026.308941,-85.687,,,,,,,,,,,,,,,,,,,,,,,,,,,,,,,,,,,,,,
108,-83.088,1026.318931,-83.088,,,,,,,,,,,,,,,,,,,,,,,,,,,,,,,,,,,,,,
109,-85.409,1026.328921,-85.409,,,,,,,,,,,,,,,,,,,,,,,,,,,,,,,,,,,,,,
110,-83.651,1026.338911,-83.651,,,,,,,,,,,,,,,,,,,,,,,,,,,,,,,,,,,,,,
111,-83.361,1026.348901,-83.361,,,,,,,,,,,,,,,,,,,,,,,,,,,,,,,,,,,,,,
112,-83.046,1026.358891,-83.046,,,,,,,,,,,,,,,,,,,,,,,,,,,,,,,,,,,,,,
113,-85.541,1026.368881,-85.541,,,,,,,,,,,,,,,,,,,,,,,,,,,,,,,,,,,,,,
114,-83.078,1026.378871,-83.078,,,,,,,,,,,,,,,,,,,,,,,,,,,,,,,,,,,,,,
115,-81.438,1026.388861,-81.438,,,,,,,,,,,,,,,,,,,,,,,,,,,,,,,,,,,,,,
116,-83.616,1026.398851,-83.616,,,,,,,,,,,,,,,,,,,,,,,,,,,,,,,,,,,,,,
117,-83.741,1026.408841,-83.741,,,,,,,,,,,,,,,,,,,,,,,,,,,,,,,,,,,,,,
118,-84.249,1026.418831,-84.249,,,,,,,,,,,,,,,,,,,,,,,,,,,,,,,,,,,,,,
119,-82.098,1026.428821,-82.098,,,,,,,,,,,,,,,,,,,,,,,,,,,,,,,,,,,,,,
120,-84.12,1026.438811,-84.12,,,,,,,,,,,,,,,,,,,,,,,,,,,,,,,,,,,,,,
121,-83.241,1026.448801,-83.241,,,,,,,,,,,,,,,,,,,,,,,,,,,,,,,,,,,,,,
122,-82.315,1026.458791,-82.315,,,,,,,,,,,,,,,,,,,,,,,,,,,,,,,,,,,,,,
123,-84.284,1026.468781,-84.284,,,,,,,,,,,,,,,,,,,,,,,,,,,,,,,,,,,,,,
124,-83.929,1026.478771,-83.929,,,,,,,,,,,,,,,,,,,,,,,,,,,,,,,,,,,,,,
125,-83.038,1026.488761,-83.038,,,,,,,,,,,,,,,,,,,,,,,,,,,,,,,,,,,,,,
126,-82.738,1026.498751,-82.738,,,,,,,,,,,,,,,,,,,,,,,,,,,,,,,,,,,,,,
127,-83.228,1026.508741,-83.228,,,,,,,,,,,,,,,,,,,,,,,,,,,,,,,,,,,,,,
128,-82.715,1026.518731,-82.715,,,,,,,,,,,,,,,,,,,,,,,,,,,,,,,,,,,,,,
129,-82.656,1026.528721,-82.656,,,,,,,,,,,,,,,,,,,,,,,,,,,,,,,,,,,,,,
130,-82.605,1026.538711,-82.605,,,,,,,,,,,,,,,,,,,,,,,,,,,,,,,,,,,,,,
131,-82.207,1026.548701,-82.207,,,,,,,,,,,,,,,,,,,,,,,,,,,,,,,,,,,,,,
132,-83.776,1026.558691,-83.776,,,,,,,,,,,,,,,,,,,,,,,,,,,,,,,,,,,,,,
133,-83.168,1026.568681,-83.168,,,,,,,,,,,,,,,,,,,,,,,,,,,,,,,,,,,,,,
134,-83.534,1026.578671,-83.534,,,,,,,,,,,,,,,,,,,,,,,,,,,,,,,,,,,,,,
135,-84.201,1026.588661,-84.201,,,,,,,,,,,,,,,,,,,,,,,,,,,,,,,,,,,,,,
136,-83.786,1026.598651,-83.786,,,,,,,,,,,,,,,,,,,,,,,,,,,,,,,,,,,,,,
137,-83.3,1026.608641,-83.3,,,,,,,,,,,,,,,,,,,,,,,,,,,,,,,,,,,,,,
138,-82.9,1026.618631,-82.9,,,,,,,,,,,,,,,,,,,,,,,,,,,,,,,,,,,,,,
139,-82.778,1026.628621,-82.778,,,,,,,,,,,,,,,,,,,,,,,,,,,,,,,,,,,,,,
140,-85.465,1026.638611,-85.465,,,,,,,,,,,,,,,,,,,,,,,,,,,,,,,,,,,,,,
141,-85.883,1026.648601,-85.883,,,,,,,,,,,,,,,,,,,,,,,,,,,,,,,,,,,,,,
142,-82.747,1026.658591,-82.747,,,,,,,,,,,,,,,,,,,,,,,,,,,,,,,,,,,,,,
143,-83.99,1026.668581,-83.99,,,,,,,,,,,,,,,,,,,,,,,,,,,,,,,,,,,,,,
144,-85.281,1026.678571,-85.281,,,,,,,,,,,,,,,,,,,,,,,,,,,,,,,,,,,,,,
145,-84.049,1026.688561,-84.049,,,,,,,,,,,,,,,,,,,,,,,,,,,,,,,,,,,,,,
146,-83.634,1026.698551,-83.634,,,,,,,,,,,,,,,,,,,,,,,,,,,,,,,,,,,,,,
147,-81.803,1026.708541,-81.803,,,,,,,,,,,,,,,,,,,,,,,,,,,,,,,,,,,,,,
148,-82.527,1026.718531,-82.527,,,,,,,,,,,,,,,,,,,,,,,,,,,,,,,,,,,,,,
149,-82.224,1026.728521,-82.224,,,,,,,,,,,,,,,,,,,,,,,,,,,,,,,,,,,,,,
150,-81.977,1026.738511,-81.977,,,,,,,,,,,,,,,,,,,,,,,,,,,,,,,,,,,,,,
151,-82.324,1026.748501,-82.324,,,,,,,,,,,,,,,,,,,,,,,,,,,,,,,,,,,,,,
152,-84.773,1026.758492,-84.773,,,,,,,,,,,,,,,,,,,,,,,,,,,,,,,,,,,,,,
153,-82.133,1026.768482,-82.133,,,,,,,,,,,,,,,,,,,,,,,,,,,,,,,,,,,,,,
154,-83.978,1026.778472,-83.978,,,,,,,,,,,,,,,,,,,,,,,,,,,,,,,,,,,,,,
155,-82.108,1026.788462,-82.108,,,,,,,,,,,,,,,,,,,,,,,,,,,,,,,,,,,,,,
156,-83.328,1026.798452,-83.328,,,,,,,,,,,,,,,,,,,,,,,,,,,,,,,,,,,,,,
157,-87.839,1026.808442,-87.839,,,,,,,,,,,,,,,,,,,,,,,,,,,,,,,,,,,,,,
158,-82.867,1026.818432,-82.867,,,,,,,,,,,,,,,,,,,,,,,,,,,,,,,,,,,,,,
159,-82.288,1026.828422,-82.288,,,,,,,,,,,,,,,,,,,,,,,,,,,,,,,,,,,,,,
160,-82.824,1026.838412,-82.824,,,,,,,,,,,,,,,,,,,,,,,,,,,,,,,,,,,,,,
161,-84.124,1026.848402,-84.124,,,,,,,,,,,,,,,,,,,,,,,,,,,,,,,,,,,,,,
162,-82.117,1026.858392,-82.117,,,,,,,,,,,,,,,,,,,,,,,,,,,,,,,,,,,,,,
163,-82.487,1026.868382,-82.487,,,,,,,,,,,,,,,,,,,,,,,,,,,,,,,,,,,,,,
164,-82.899,1026.878372,-82.899,,,,,,,,,,,,,,,,,,,,,,,,,,,,,,,,,,,,,,
165,-83.616,1026.888362,-83.616,,,,,,,,,,,,,,,,,,,,,,,,,,,,,,,,,,,,,,
166,-84.107,1026.898352,-84.107,,,,,,,,,,,,,,,,,,,,,,,,,,,,,,,,,,,,,,
167,-83.695,1026.908342,-83.695,,,,,,,,,,,,,,,,,,,,,,,,,,,,,,,,,,,,,,
168,-85.514,1026.918332,-85.514,,,,,,,,,,,,,,,,,,,,,,,,,,,,,,,,,,,,,,
169,-84.177,1026.928322,-84.177,,,,,,,,,,,,,,,,,,,,,,,,,,,,,,,,,,,,,,
170,-82.276,1026.938312,-82.276,,,,,,,,,,,,,,,,,,,,,,,,,,,,,,,,,,,,,,
171,-82.418,1026.948302,-82.418,,,,,,,,,,,,,,,,,,,,,,,,,,,,,,,,,,,,,,
172,-82.067,1026.958292,-82.067,,,,,,,,,,,,,,,,,,,,,,,,,,,,,,,,,,,,,,
173,-82.211,1026.968282,-82.211,,,,,,,,,,,,,,,,,,,,,,,,,,,,,,,,,,,,,,
174,-81.357,1026.978272,-81.357,,,,,,,,,,,,,,,,,,,,,,,,,,,,,,,,,,,,,,
175,-82.569,1026.988262,-82.569,,,,,,,,,,,,,,,,,,,,,,,,,,,,,,,,,,,,,,
176,-84.435,1026.998252,-84.435,,,,,,,,,,,,,,,,,,,,,,,,,,,,,,,,,,,,,,
177,-81.978,1027.008242,-81.978,,,,,,,,,,,,,,,,,,,,,,,,,,,,,,,,,,,,,,
178,-82.397,1027.018232,-82.397,,,,,,,,,,,,,,,,,,,,,,,,,,,,,,,,,,,,,,
179,-82.619,1027.028222,-82.619,,,,,,,,,,,,,,,,,,,,,,,,,,,,,,,,,,,,,,
180,-86.128,1027.038212,-86.128,,,,,,,,,,,,,,,,,,,,,,,,,,,,,,,,,,,,,,
181,-83.128,1027.048202,-83.128,,,,,,,,,,,,,,,,,,,,,,,,,,,,,,,,,,,,,,
182,-84.729,1027.058192,-84.729,,,,,,,,,,,,,,,,,,,,,,,,,,,,,,,,,,,,,,
183,-82.882,1027.068182,-82.882,,,,,,,,,,,,,,,,,,,,,,,,,,,,,,,,,,,,,,
184,-82.924,1027.078172,-82.924,,,,,,,,,,,,,,,,,,,,,,,,,,,,,,,,,,,,,,
185,-85.11,1027.088162,-85.11,,,,,,,,,,,,,,,,,,,,,,,,,,,,,,,,,,,,,,
186,-84.14,1027.098152,-84.14,,,,,,,,,,,,,,,,,,,,,,,,,,,,,,,,,,,,,,
187,-84.462,1027.108142,-84.462,,,,,,,,,,,,,,,,,,,,,,,,,,,,,,,,,,,,,,
188,-83.144,1027.118132,-83.144,,,,,,,,,,,,,,,,,,,,,,,,,,,,,,,,,,,,,,
189,-83.806,1027.128122,-83.806,,,,,,,,,,,,,,,,,,,,,,,,,,,,,,,,,,,,,,
190,-86.009,1027.138112,-86.009,,,,,,,,,,,,,,,,,,,,,,,,,,,,,,,,,,,,,,
191,-81.476,1027.148102,-81.476,,,,,,,,,,,,,,,,,,,,,,,,,,,,,,,,,,,,,,
192,-83.593,1027.158092,-83.593,,,,,,,,,,,,,,,,,,,,,,,,,,,,,,,,,,,,,,
193,-81.232,1027.168082,-81.232,,,,,,,,,,,,,,,,,,,,,,,,,,,,,,,,,,,,,,
194,-81.815,1027.178072,-81.815,,,,,,,,,,,,,,,,,,,,,,,,,,,,,,,,,,,,,,
195,-82.13,1027.188062,-82.13,,,,,,,,,,,,,,,,,,,,,,,,,,,,,,,,,,,,,,
196,-82.645,1027.198052,-82.645,,,,,,,,,,,,,,,,,,,,,,,,,,,,,,,,,,,,,,
197,-81.679,1027.208042,-81.679,,,,,,,,,,,,,,,,,,,,,,,,,,,,,,,,,,,,,,
198,-83.545,1027.218032,-83.545,,,,,,,,,,,,,,,,,,,,,,,,,,,,,,,,,,,,,,
199,-83.152,1027.228022,-83.152,,,,,,,,,,,,,,,,,,,,,,,,,,,,,,,,,,,,,,
200,-82.377,1027.238012,-82.377,,,,,,,,,,,,,,,,,,,,,,,,,,,,,,,,,,,,,,
201,-81.62,1027.248002,-81.62,,,,,,,,,,,,,,,,,,,,,,,,,,,,,,,,,,,,,,
202,-81.675,1027.257992,-81.675,,,,,,,,,,,,,,,,,,,,,,,,,,,,,,,,,,,,,,
203,-82.214,1027.267982,-82.214,,,,,,,,,,,,,,,,,,,,,,,,,,,,,,,,,,,,,,
204,-83.922,1027.277972,-83.922,,,,,,,,,,,,,,,,,,,,,,,,,,,,,,,,,,,,,,
205,-83.762,1027.287962,-83.762,,,,,,,,,,,,,,,,,,,,,,,,,,,,,,,,,,,,,,
206,-82.777,1027.297952,-82.777,,,,,,,,,,,,,,,,,,,,,,,,,,,,,,,,,,,,,,
207,-82.566,1027.307942,-82.566,,,,,,,,,,,,,,,,,,,,,,,,,,,,,,,,,,,,,,
208,-82.817,1027.317932,-82.817,,,,,,,,,,,,,,,,,,,,,,,,,,,,,,,,,,,,,,
209,-82.526,1027.327922,-82.526,,,,,,,,,,,,,,,,,,,,,,,,,,,,,,,,,,,,,,
210,-83.009,1027.337912,-83.009,,,,,,,,,,,,,,,,,,,,,,,,,,,,,,,,,,,,,,
211,-81.639,1027.347902,-81.639,,,,,,,,,,,,,,,,,,,,,,,,,,,,,,,,,,,,,,
212,-82.191,1027.357892,-82.191,,,,,,,,,,,,,,,,,,,,,,,,,,,,,,,,,,,,,,
213,-80.913,1027.367882,-80.913,,,,,,,,,,,,,,,,,,,,,,,,,,,,,,,,,,,,,,
214,-81.804,1027.377872,-81.804,,,,,,,,,,,,,,,,,,,,,,,,,,,,,,,,,,,,,,
215,-81.861,1027.387862,-81.861,,,,,,,,,,,,,,,,,,,,,,,,,,,,,,,,,,,,,,
216,-82.08,1027.397852,-82.08,,,,,,,,,,,,,,,,,,,,,,,,,,,,,,,,,,,,,,
217,-81.814,1027.407842,-81.814,,,,,,,,,,,,,,,,,,,,,,,,,,,,,,,,,,,,,,
218,-82.335,1027.417832,-82.335,,,,,,,,,,,,,,,,,,,,,,,,,,,,,,,,,,,,,,
219,-81.066,1027.427822,-81.066,,,,,,,,,,,,,,,,,,,,,,,,,,,,,,,,,,,,,,
220,-82.316,1027.437812,-82.316,,,,,,,,,,,,,,,,,,,,,,,,,,,,,,,,,,,,,,
221,-82.629,1027.447802,-82.629,,,,,,,,,,,,,,,,,,,,,,,,,,,,,,,,,,,,,,
222,-83.292,1027.457792,-83.292,,,,,,,,,,,,,,,,,,,,,,,,,,,,,,,,,,,,,,
223,-82.613,1027.467782,-82.613,,,,,,,,,,,,,,,,,,,,,,,,,,,,,,,,,,,,,,
224,-82.929,1027.477772,-82.929,,,,,,,,,,,,,,,,,,,,,,,,,,,,,,,,,,,,,,
225,-82.348,1027.487762,-82.348,,,,,,,,,,,,,,,,,,,,,,,,,,,,,,,,,,,,,,
226,-84.195,1027.497752,-84.195,,,,,,,,,,,,,,,,,,,,,,,,,,,,,,,,,,,,,,
227,-84.097,1027.507742,-84.097,,,,,,,,,,,,,,,,,,,,,,,,,,,,,,,,,,,,,,
228,-82.569,1027.517732,-82.569,,,,,,,,,,,,,,,,,,,,,,,,,,,,,,,,,,,,,,
229,-83.092,1027.527722,-83.092,,,,,,,,,,,,,,,,,,,,,,,,,,,,,,,,,,,,,,
230,-84.587,1027.537712,-84.587,,,,,,,,,,,,,,,,,,,,,,,,,,,,,,,,,,,,,,
231,-82.844,1027.547702,-82.844,,,,,,,,,,,,,,,,,,,,,,,,,,,,,,,,,,,,,,
232,-81.482,1027.557692,-81.482,,,,,,,,,,,,,,,,,,,,,,,,,,,,,,,,,,,,,,
233,-80.976,1027.567682,-80.976,,,,,,,,,,,,,,,,,,,,,,,,,,,,,,,,,,,,,,
234,-82.397,1027.577672,-82.397,,,,,,,,,,,,,,,,,,,,,,,,,,,,,,,,,,,,,,
235,-81.865,1027.587662,-81.865,,,,,,,,,,,,,,,,,,,,,,,,,,,,,,,,,,,,,,
236,-82.3,1027.597652,-82.3,,,,,,,,,,,,,,,,,,,,,,,,,,,,,,,,,,,,,,
237,-82.787,1027.607642,-82.787,,,,,,,,,,,,,,,,,,,,,,,,,,,,,,,,,,,,,,
238,-82.124,1027.617632,-82.124,,,,,,,,,,,,,,,,,,,,,,,,,,,,,,,,,,,,,,
239,-82.115,1027.627622,-82.115,,,,,,,,,,,,,,,,,,,,,,,,,,,,,,,,,,,,,,
240,-82.24,1027.637612,-82.24,,,,,,,,,,,,,,,,,,,,,,,,,,,,,,,,,,,,,,
241,-83.299,1027.647602,-83.299,,,,,,,,,,,,,,,,,,,,,,,,,,,,,,,,,,,,,,
242,-82.631,1027.657592,-82.631,,,,,,,,,,,,,,,,,,,,,,,,,,,,,,,,,,,,,,
243,-82.577,1027.667582,-82.577,,,,,,,,,,,,,,,,,,,,,,,,,,,,,,,,,,,,,,
244,-81.937,1027.677572,-81.937,,,,,,,,,,,,,,,,,,,,,,,,,,,,,,,,,,,,,,
245,-82.704,1027.687562,-82.704,,,,,,,,,,,,,,,,,,,,,,,,,,,,,,,,,,,,,,
246,-81.498,1027.697552,-81.498,,,,,,,,,,,,,,,,,,,,,,,,,,,,,,,,,,,,,,
247,-81.496,1027.707542,-81.496,,,,,,,,,,,,,,,,,,,,,,,,,,,,,,,,,,,,,,
248,-82.903,1027.717532,-82.903,,,,,,,,,,,,,,,,,,,,,,,,,,,,,,,,,,,,,,
249,-80.93,1027.727522,-80.93,,,,,,,,,,,,,,,,,,,,,,,,,,,,,,,,,,,,,,
250,-81.115,1027.737512,-81.115,,,,,,,,,,,,,,,,,,,,,,,,,,,,,,,,,,,,,,
251,-81.335,1027.747502,-81.335,,,,,,,,,,,,,,,,,,,,,,,,,,,,,,,,,,,,,,
252,-81.652,1027.757493,-81.652,,,,,,,,,,,,,,,,,,,,,,,,,,,,,,,,,,,,,,
253,-81.728,1027.767483,-81.728,,,,,,,,,,,,,,,,,,,,,,,,,,,,,,,,,,,,,,
254,-82.228,1027.777473,-82.228,,,,,,,,,,,,,,,,,,,,,,,,,,,,,,,,,,,,,,
255,-81.328,1027.787463,-81.328,,,,,,,,,,,,,,,,,,,,,,,,,,,,,,,,,,,,,,
256,-81.453,1027.797453,-81.453,,,,,,,,,,,,,,,,,,,,,,,,,,,,,,,,,,,,,,
257,-81.336,1027.807443,-81.336,,,,,,,,,,,,,,,,,,,,,,,,,,,,,,,,,,,,,,
258,-82.383,1027.817433,-82.383,,,,,,,,,,,,,,,,,,,,,,,,,,,,,,,,,,,,,,
259,-82.801,1027.827423,-82.801,,,,,,,,,,,,,,,,,,,,,,,,,,,,,,,,,,,,,,
260,-81.908,1027.837413,-81.908,,,,,,,,,,,,,,,,,,,,,,,,,,,,,,,,,,,,,,
261,-82.36,1027.847403,-82.36,,,,,,,,,,,,,,,,,,,,,,,,,,,,,,,,,,,,,,
262,-82.387,1027.857393,-82.387,,,,,,,,,,,,,,,,,,,,,,,,,,,,,,,,,,,,,,
263,-84.035,1027.867383,-84.035,,,,,,,,,,,,,,,,,,,,,,,,,,,,,,,,,,,,,,
264,-81.966,1027.877373,-81.966,,,,,,,,,,,,,,,,,,,,,,,,,,,,,,,,,,,,,,
265,-81.234,1027.887363,-81.234,,,,,,,,,,,,,,,,,,,,,,,,,,,,,,,,,,,,,,
266,-82.536,1027.897353,-82.536,,,,,,,,,,,,,,,,,,,,,,,,,,,,,,,,,,,,,,
267,-81.837,1027.907343,-81.837,,,,,,,,,,,,,,,,,,,,,,,,,,,,,,,,,,,,,,
268,-82.22,1027.917333,-82.22,,,,,,,,,,,,,,,,,,,,,,,,,,,,,,,,,,,,,,
269,-81.72,1027.927323,-81.72,,,,,,,,,,,,,,,,,,,,,,,,,,,,,,,,,,,,,,
270,-81.356,1027.937313,-81.356,,,,,,,,,,,,,,,,,,,,,,,,,,,,,,,,,,,,,,
271,-82.684,1027.947303,-82.684,,,,,,,,,,,,,,,,,,,,,,,,,,,,,,,,,,,,,,
272,-81.806,1027.957293,-81.806,,,,,,,,,,,,,,,,,,,,,,,,,,,,,,,,,,,,,,
273,-81.107,1027.967283,-81.107,,,,,,,,,,,,,,,,,,,,,,,,,,,,,,,,,,,,,,
274,-80.977,1027.977273,-80.977,,,,,,,,,,,,,,,,,,,,,,,,,,,,,,,,,,,,,,
275,-81.131,1027.987263,-81.131,,,,,,,,,,,,,,,,,,,,,,,,,,,,,,,,,,,,,,
276,-81.116,1027.997253,-81.116,,,,,,,,,,,,,,,,,,,,,,,,,,,,,,,,,,,,,,
277,-80.999,1028.007243,-80.999,,,,,,,,,,,,,,,,,,,,,,,,,,,,,,,,,,,,,,
278,-80.398,1028.017233,-80.398,,,,,,,,,,,,,,,,,,,,,,,,,,,,,,,,,,,,,,
279,-80.262,1028.027223,-80.262,,,,,,,,,,,,,,,,,,,,,,,,,,,,,,,,,,,,,,
280,-82.432,1028.037213,-82.432,,,,,,,,,,,,,,,,,,,,,,,,,,,,,,,,,,,,,,
281,-80.803,1028.047203,-80.803,,,,,,,,,,,,,,,,,,,,,,,,,,,,,,,,,,,,,,
282,-81.084,1028.057193,-81.084,,,,,,,,,,,,,,,,,,,,,,,,,,,,,,,,,,,,,,
283,-80.661,1028.067183,-80.661,,,,,,,,,,,,,,,,,,,,,,,,,,,,,,,,,,,,,,
284,-80.029,1028.077173,-80.029,,,,,,,,,,,,,,,,,,,,,,,,,,,,,,,,,,,,,,
285,-80.078,1028.087163,-80.078,,,,,,,,,,,,,,,,,,,,,,,,,,,,,,,,,,,,,,
286,-82.4,1028.097153,-82.4,,,,,,,,,,,,,,,,,,,,,,,,,,,,,,,,,,,,,,
287,-80.958,1028.107143,-80.958,,,,,,,,,,,,,,,,,,,,,,,,,,,,,,,,,,,,,,
288,-80.89,1028.117133,-80.89,,,,,,,,,,,,,,,,,,,,,,,,,,,,,,,,,,,,,,
289,-81.635,1028.127123,-81.635,,,,,,,,,,,,,,,,,,,,,,,,,,,,,,,,,,,,,,
290,-80.202,1028.137113,-80.202,,,,,,,,,,,,,,,,,,,,,,,,,,,,,,,,,,,,,,
291,-80.872,1028.147103,-80.872,,,,,,,,,,,,,,,,,,,,,,,,,,,,,,,,,,,,,,
292,-80.546,1028.157093,-80.546,,,,,,,,,,,,,,,,,,,,,,,,,,,,,,,,,,,,,,
293,-80.461,1028.167083,-80.461,,,,,,,,,,,,,,,,,,,,,,,,,,,,,,,,,,,,,,
294,-80.353,1028.177073,-80.353,,,,,,,,,,,,,,,,,,,,,,,,,,,,,,,,,,,,,,
295,-80.09,1028.187063,-80.09,,,,,,,,,,,,,,,,,,,,,,,,,,,,,,,,,,,,,,
296,-80.069,1028.197053,-80.069,,,,,,,,,,,,,,,,,,,,,,,,,,,,,,,,,,,,,,
297,-79.793,1028.207043,-79.793,,,,,,,,,,,,,,,,,,,,,,,,,,,,,,,,,,,,,,
298,-80.262,1028.217033,-80.262,,,,,,,,,,,,,,,,,,,,,,,,,,,,,,,,,,,,,,
299,-80.42,1028.227023,-80.42,,,,,,,,,,,,,,,,,,,,,,,,,,,,,,,,,,,,,,
300,-79.901,1028.237013,-79.901,,,,,,,,,,,,,,,,,,,,,,,,,,,,,,,,,,,,,,
301,-80.181,1028.247003,-80.181,,,,,,,,,,,,,,,,,,,,,,,,,,,,,,,,,,,,,,
302,-80.992,1028.256993,-80.992,,,,,,,,,,,,,,,,,,,,,,,,,,,,,,,,,,,,,,
303,-80.103,1028.266983,-80.103,,,,,,,,,,,,,,,,,,,,,,,,,,,,,,,,,,,,,,
304,-80.113,1028.276973,-80.113,,,,,,,,,,,,,,,,,,,,,,,,,,,,,,,,,,,,,,
305,-79.717,1028.286963,-79.717,,,,,,,,,,,,,,,,,,,,,,,,,,,,,,,,,,,,,,
306,-80.406,1028.296953,-80.406,,,,,,,,,,,,,,,,,,,,,,,,,,,,,,,,,,,,,,
307,-79.267,1028.306943,-79.267,,,,,,,,,,,,,,,,,,,,,,,,,,,,,,,,,,,,,,
308,-79.845,1028.316933,-79.845,,,,,,,,,,,,,,,,,,,,,,,,,,,,,,,,,,,,,,
309,-79.405,1028.326923,-79.405,,,,,,,,,,,,,,,,,,,,,,,,,,,,,,,,,,,,,,
310,-79.437,1028.336913,-79.437,,,,,,,,,,,,,,,,,,,,,,,,,,,,,,,,,,,,,,
311,-80.06,1028.346903,-80.06,,,,,,,,,,,,,,,,,,,,,,,,,,,,,,,,,,,,,,
312,-79.578,1028.356893,-79.578,,,,,,,,,,,,,,,,,,,,,,,,,,,,,,,,,,,,,,
313,-80.216,1028.366883,-80.216,,,,,,,,,,,,,,,,,,,,,,,,,,,,,,,,,,,,,,
314,-80.342,1028.376873,-80.342,,,,,,,,,,,,,,,,,,,,,,,,,,,,,,,,,,,,,,
315,-80.567,1028.386863,-80.567,,,,,,,,,,,,,,,,,,,,,,,,,,,,,,,,,,,,,,
316,-80.651,1028.396853,-80.651,,,,,,,,,,,,,,,,,,,,,,,,,,,,,,,,,,,,,,
317,-79.791,1028.406843,-79.791,,,,,,,,,,,,,,,,,,,,,,,,,,,,,,,,,,,,,,
318,-80.46,1028.416833,-80.46,,,,,,,,,,,,,,,,,,,,,,,,,,,,,,,,,,,,,,
319,-80.145,1028.426823,-80.145,,,,,,,,,,,,,,,,,,,,,,,,,,,,,,,,,,,,,,
320,-78.808,1028.436813,-78.808,,,,,,,,,,,,,,,,,,,,,,,,,,,,,,,,,,,,,,
321,-79.587,1028.446803,-79.587,,,,,,,,,,,,,,,,,,,,,,,,,,,,,,,,,,,,,,
322,-79.168,1028.456793,-79.168,,,,,,,,,,,,,,,,,,,,,,,,,,,,,,,,,,,,,,
323,-78.849,1028.466783,-78.849,,,,,,,,,,,,,,,,,,,,,,,,,,,,,,,,,,,,,,
324,-79.102,1028.476773,-79.102,,,,,,,,,,,,,,,,,,,,,,,,,,,,,,,,,,,,,,
325,-78.736,1028.486763,-78.736,,,,,,,,,,,,,,,,,,,,,,,,,,,,,,,,,,,,,,
326,-78.91,1028.496753,-78.91,,,,,,,,,,,,,,,,,,,,,,,,,,,,,,,,,,,,,,
327,-79.373,1028.506743,-79.373,,,,,,,,,,,,,,,,,,,,,,,,,,,,,,,,,,,,,,
328,-79.659,1028.516733,-79.659,,,,,,,,,,,,,,,,,,,,,,,,,,,,,,,,,,,,,,
329,-79.912,1028.526723,-79.912,,,,,,,,,,,,,,,,,,,,,,,,,,,,,,,,,,,,,,
330,-79.963,1028.536713,-79.963,,,,,,,,,,,,,,,,,,,,,,,,,,,,,,,,,,,,,,
331,-79.851,1028.546703,-79.851,,,,,,,,,,,,,,,,,,,,,,,,,,,,,,,,,,,,,,
332,-79.862,1028.556693,-79.862,,,,,,,,,,,,,,,,,,,,,,,,,,,,,,,,,,,,,,
333,-79.843,1028.566683,-79.843,,,,,,,,,,,,,,,,,,,,,,,,,,,,,,,,,,,,,,
334,-79.645,1028.576673,-79.645,,,,,,,,,,,,,,,,,,,,,,,,,,,,,,,,,,,,,,
335,-79.577,1028.586663,-79.577,,,,,,,,,,,,,,,,,,,,,,,,,,,,,,,,,,,,,,
336,-78.701,1028.596653,-78.701,,,,,,,,,,,,,,,,,,,,,,,,,,,,,,,,,,,,,,
337,-79.233,1028.606643,-79.233,,,,,,,,,,,,,,,,,,,,,,,,,,,,,,,,,,,,,,
338,-79.469,1028.616633,-79.469,,,,,,,,,,,,,,,,,,,,,,,,,,,,,,,,,,,,,,
339,-79.273,1028.626623,-79.273,,,,,,,,,,,,,,,,,,,,,,,,,,,,,,,,,,,,,,
340,-78.937,1028.636613,-78.937,,,,,,,,,,,,,,,,,,,,,,,,,,,,,,,,,,,,,,
341,-78.807,1028.646603,-78.807,,,,,,,,,,,,,,,,,,,,,,,,,,,,,,,,,,,,,,
342,-79.058,1028.656593,-79.058,,,,,,,,,,,,,,,,,,,,,,,,,,,,,,,,,,,,,,
343,-78.581,1028.666583,-78.581,,,,,,,,,,,,,,,,,,,,,,,,,,,,,,,,,,,,,,
344,-79.454,1028.676573,-79.454,,,,,,,,,,,,,,,,,,,,,,,,,,,,,,,,,,,,,,
345,-78.92,1028.686563,-78.92,,,,,,,,,,,,,,,,,,,,,,,,,,,,,,,,,,,,,,
346,-79.305,1028.696553,-79.305,,,,,,,,,,,,,,,,,,,,,,,,,,,,,,,,,,,,,,
347,-78.437,1028.706543,-78.437,,,,,,,,,,,,,,,,,,,,,,,,,,,,,,,,,,,,,,
348,-78.595,1028.716533,-78.595,,,,,,,,,,,,,,,,,,,,,,,,,,,,,,,,,,,,,,
349,-78.456,1028.726523,-78.456,,,,,,,,,,,,,,,,,,,,,,,,,,,,,,,,,,,,,,
350,-78.152,1028.736513,-78.152,,,,,,,,,,,,,,,,,,,,,,,,,,,,,,,,,,,,,,
351,-78.354,1028.746503,-78.354,,,,,,,,,,,,,,,,,,,,,,,,,,,,,,,,,,,,,,
352,-78.63,1028.756494,-78.63,,,,,,,,,,,,,,,,,,,,,,,,,,,,,,,,,,,,,,
353,-77.756,1028.766484,-77.756,,,,,,,,,,,,,,,,,,,,,,,,,,,,,,,,,,,,,,
354,-77.291,1028.776474,-77.291,,,,,,,,,,,,,,,,,,,,,,,,,,,,,,,,,,,,,,
355,-76.99,1028.786464,-76.99,,,,,,,,,,,,,,,,,,,,,,,,,,,,,,,,,,,,,,
356,-77.569,1028.796454,-77.569,,,,,,,,,,,,,,,,,,,,,,,,,,,,,,,,,,,,,,
357,-77.515,1028.806444,-77.515,,,,,,,,,,,,,,,,,,,,,,,,,,,,,,,,,,,,,,
358,-77.759,1028.816434,-77.759,,,,,,,,,,,,,,,,,,,,,,,,,,,,,,,,,,,,,,
359,-77.288,1028.826424,-77.288,,,,,,,,,,,,,,,,,,,,,,,,,,,,,,,,,,,,,,
360,-76.988,1028.836414,-76.988,,,,,,,,,,,,,,,,,,,,,,,,,,,,,,,,,,,,,,
361,-77.226,1028.846404,-77.226,,,,,,,,,,,,,,,,,,,,,,,,,,,,,,,,,,,,,,
362,-77.06,1028.856394,-77.06,,,,,,,,,,,,,,,,,,,,,,,,,,,,,,,,,,,,,,
363,-77.354,1028.866384,-77.354,,,,,,,,,,,,,,,,,,,,,,,,,,,,,,,,,,,,,,
364,-77.287,1028.876374,-77.287,,,,,,,,,,,,,,,,,,,,,,,,,,,,,,,,,,,,,,
365,-77.027,1028.886364,-77.027,,,,,,,,,,,,,,,,,,,,,,,,,,,,,,,,,,,,,,
366,-77.044,1028.896354,-77.044,,,,,,,,,,,,,,,,,,,,,,,,,,,,,,,,,,,,,,
367,-76.904,1028.906344,-76.904,,,,,,,,,,,,,,,,,,,,,,,,,,,,,,,,,,,,,,
368,-77.103,1028.916334,-77.103,,,,,,,,,,,,,,,,,,,,,,,,,,,,,,,,,,,,,,
369,-77.179,1028.926324,-77.179,,,,,,,,,,,,,,,,,,,,,,,,,,,,,,,,,,,,,,
370,-77.089,1028.936314,-77.089,,,,,,,,,,,,,,,,,,,,,,,,,,,,,,,,,,,,,,
371,-76.967,1028.946304,-76.967,,,,,,,,,,,,,,,,,,,,,,,,,,,,,,,,,,,,,,
372,-77.155,1028.956294,-77.155,,,,,,,,,,,,,,,,,,,,,,,,,,,,,,,,,,,,,,
373,-76.539,1028.966284,-76.539,,,,,,,,,,,,,,,,,,,,,,,,,,,,,,,,,,,,,,
374,-76.777,1028.976274,-76.777,,,,,,,,,,,,,,,,,,,,,,,,,,,,,,,,,,,,,,
375,-77.64,1028.986264,-77.64,,,,,,,,,,,,,,,,,,,,,,,,,,,,,,,,,,,,,,
376,-76.895,1028.996254,-76.895,,,,,,,,,,,,,,,,,,,,,,,,,,,,,,,,,,,,,,
377,-76.673,1029.006244,-76.673,,,,,,,,,,,,,,,,,,,,,,,,,,,,,,,,,,,,,,
378,-76.818,1029.016234,-76.818,,,,,,,,,,,,,,,,,,,,,,,,,,,,,,,,,,,,,,
379,-76.719,1029.026224,-76.719,,,,,,,,,,,,,,,,,,,,,,,,,,,,,,,,,,,,,,
380,-76.865,1029.036214,-76.865,,,,,,,,,,,,,,,,,,,,,,,,,,,,,,,,,,,,,,
381,-76.596,1029.046204,-76.596,,,,,,,,,,,,,,,,,,,,,,,,,,,,,,,,,,,,,,
382,-76.797,1029.056194,-76.797,,,,,,,,,,,,,,,,,,,,,,,,,,,,,,,,,,,,,,
383,-76.876,1029.066184,-76.876,,,,,,,,,,,,,,,,,,,,,,,,,,,,,,,,,,,,,,
384,-76.767,1029.076174,-76.767,,,,,,,,,,,,,,,,,,,,,,,,,,,,,,,,,,,,,,
385,-76.794,1029.086164,-76.794,,,,,,,,,,,,,,,,,,,,,,,,,,,,,,,,,,,,,,
386,-76.428,1029.096154,-76.428,,,,,,,,,,,,,,,,,,,,,,,,,,,,,,,,,,,,,,
387,-76.775,1029.106144,-76.775,,,,,,,,,,,,,,,,,,,,,,,,,,,,,,,,,,,,,,
388,-76.283,1029.116134,-76.283,,,,,,,,,,,,,,,,,,,,,,,,,,,,,,,,,,,,,,
389,-76.196,1029.126124,-76.196,,,,,,,,,,,,,,,,,,,,,,,,,,,,,,,,,,,,,,
390,-75.788,1029.136114,-75.788,,,,,,,,,,,,,,,,,,,,,,,,,,,,,,,,,,,,,,
391,-75.611,1029.146104,-75.611,,,,,,,,,,,,,,,,,,,,,,,,,,,,,,,,,,,,,,
392,-76.012,1029.156094,-76.012,,,,,,,,,,,,,,,,,,,,,,,,,,,,,,,,,,,,,,
393,-75.594,1029.166084,-75.594,,,,,,,,,,,,,,,,,,,,,,,,,,,,,,,,,,,,,,
394,-75.381,1029.176074,-75.381,,,,,,,,,,,,,,,,,,,,,,,,,,,,,,,,,,,,,,
395,-75.158,1029.186064,-75.158,,,,,,,,,,,,,,,,,,,,,,,,,,,,,,,,,,,,,,
396,-74.813,1029.196054,-74.813,,,,,,,,,,,,,,,,,,,,,,,,,,,,,,,,,,,,,,
397,-74.741,1029.206044,-74.741,,,,,,,,,,,,,,,,,,,,,,,,,,,,,,,,,,,,,,
398,-74.21,1029.216034,-74.21,,,,,,,,,,,,,,,,,,,,,,,,,,,,,,,,,,,,,,
399,-73.897,1029.226024,-73.897,,,,,,,,,,,,,,,,,,,,,,,,,,,,,,,,,,,,,,
400,-73.334,1029.236014,-73.334,,,,,,,,,,,,,,,,,,,,,,,,,,,,,,,,,,,,,,
401,-72.983,1029.246004,-72.983,,,,,,,,,,,,,,,,,,,,,,,,,,,,,,,,,,,,,,
402,-72.734,1029.255994,-72.734,,,,,,,,,,,,,,,,,,,,,,,,,,,,,,,,,,,,,,
403,-72.335,1029.265984,-72.335,,,,,,,,,,,,,,,,,,,,,,,,,,,,,,,,,,,,,,
404,-71.771,1029.275974,-71.771,,,,,,,,,,,,,,,,,,,,,,,,,,,,,,,,,,,,,,
405,-71.056,1029.285964,-71.056,,,,,,,,,,,,,,,,,,,,,,,,,,,,,,,,,,,,,,
406,-70.282,1029.295954,-70.282,,,,,,,,,,,,,,,,,,,,,,,,,,,,,,,,,,,,,,
407,-68.913,1029.305944,-68.913,,,,,,,,,,,,,,,,,,,,,,,,,,,,,,,,,,,,,,
408,-67.431,1029.315934,-67.431,,,,,,,,,,,,,,,,,,,,,,,,,,,,,,,,,,,,,,
409,-66.093,1029.325924,-66.093,,,,,,,,,,,,,,,,,,,,,,,,,,,,,,,,,,,,,,
410,-64.788,1029.335914,-64.788,,,,,,,,,,,,,,,,,,,,,,,,,,,,,,,,,,,,,,
411,-63.298,1029.345904,-63.298,,,,,,,,,,,,,,,,,,,,,,,,,,,,,,,,,,,,,,
412,-62.1,1029.355894,-62.1,,,,,,,,,,,,,,,,,,,,,,,,,,,,,,,,,,,,,,
413,-61.033,1029.365884,-61.033,,,,,,,,,,,,,,,,,,,,,,,,,,,,,,,,,,,,,,
414,-59.705,1029.375874,-59.705,,,,,,,,,,,,,,,,,,,,,,,,,,,,,,,,,,,,,,
415,-58.789,1029.385864,-58.789,,,,,,,,,,,,,,,,,,,,,,,,,,,,,,,,,,,,,,
416,-57.853,1029.395854,-57.853,,,,,,,,,,,,,,,,,,,,,,,,,,,,,,,,,,,,,,
417,-56.886,1029.405844,-56.886,,,,,,,,,,,,,,,,,,,,,,,,,,,,,,,,,,,,,,
418,-55.941,1029.415834,-55.941,,,,,,,,,,,,,,,,,,,,,,,,,,,,,,,,,,,,,,
419,-55.232,1029.425824,-55.232,,,,,,,,,,,,,,,,,,,,,,,,,,,,,,,,,,,,,,
420,-54.233,1029.435814,-54.233,,,,,,,,,,,,,,,,,,,,,,,,,,,,,,,,,,,,,,
421,-53.441,1029.445804,-53.441,,,,,,,,,,,,,,,,,,,,,,,,,,,,,,,,,,,,,,
422,-52.725,1029.455794,-52.725,,,,,,,,,,,,,,,,,,,,,,,,,,,,,,,,,,,,,,
423,-51.803,1029.465784,-51.803,,,,,,,,,,,,,,,,,,,,,,,,,,,,,,,,,,,,,,
424,-50.997,1029.475774,-50.997,,,,,,,,,,,,,,,,,,,,,,,,,,,,,,,,,,,,,,
425,-50.315,1029.485764,-50.315,,,,,,,,,,,,,,,,,,,,,,,,,,,,,,,,,,,,,,
426,-49.644,1029.495754,-49.644,,,,,,,,,,,,,,,,,,,,,,,,,,,,,,,,,,,,,,
427,-48.82,1029.505744,-48.82,,,,,,,,,,,,,,,,,,,,,,,,,,,,,,,,,,,,,,
428,-48.284,1029.515734,-48.284,,,,,,,,,,,,,,,,,,,,,,,,,,,,,,,,,,,,,,
429,-47.694,1029.525724,-47.694,,,,,,,,,,,,,,,,,,,,,,,,,,,,,,,,,,,,,,
430,-47.165,1029.535714,-47.165,,,,,,,,,,,,,,,,,,,,,,,,,,,,,,,,,,,,,,
431,-46.747,1029.545704,-46.747,,,,,,,,,,,,,,,,,,,,,,,,,,,,,,,,,,,,,,
432,-46.412,1029.555694,-46.412,,,,,,,,,,,,,,,,,,,,,,,,,,,,,,,,,,,,,,
433,-46.048,1029.565684,-46.048,,,,,,,,,,,,,,,,,,,,,,,,,,,,,,,,,,,,,,
434,-45.765,1029.575674,-45.765,,,,,,,,,,,,,,,,,,,,,,,,,,,,,,,,,,,,,,
435,-45.577,1029.585664,-45.577,,,,,,,,,,,,,,,,,,,,,,,,,,,,,,,,,,,,,,
436,-45.367,1029.595654,-45.367,,,,,,,,,,,,,,,,,,,,,,,,,,,,,,,,,,,,,,
437,-45.216,1029.605644,-45.216,,,,,,,,,,,,,,,,,,,,,,,,,,,,,,,,,,,,,,
438,-45.112,1029.615634,-45.112,,,,,,,,,,,,,,,,,,,,,,,,,,,,,,,,,,,,,,
439,-45.034,1029.625624,-45.034,,,,,,,,,,,,,,,,,,,,,,,,,,,,,,,,,,,,,,
440,-44.951,1029.635614,-44.951,,,,,,,,,,,,,,,,,,,,,,,,,,,,,,,,,,,,,,
441,-44.915,1029.645604,-44.915,,,,,,,,,,,,,,,,,,,,,,,,,,,,,,,,,,,,,,
442,-44.897,1029.655594,-44.897,,,,,,,,,,,,,,,,,,,,,,,,,,,,,,,,,,,,,,
443,-44.88,1029.665584,-44.88,,,,,,,,,,,,,,,,,,,,,,,,,,,,,,,,,,,,,,
444,-44.87,1029.675574,-44.87,,,,,,,,,,,,,,,,,,,,,,,,,,,,,,,,,,,,,,
445,-44.865,1029.685564,-44.865,,,,,,,,,,,,,,,,,,,,,,,,,,,,,,,,,,,,,,
446,-44.869,1029.695554,-44.869,,,,,,,,,,,,,,,,,,,,,,,,,,,,,,,,,,,,,,
447,-44.878,1029.705544,-44.878,,,,,,,,,,,,,,,,,,,,,,,,,,,,,,,,,,,,,,
448,-44.884,1029.715534,-44.884,,,,,,,,,,,,,,,,,,,,,,,,,,,,,,,,,,,,,,
449,-44.892,1029.725524,-44.892,,,,,,,,,,,,,,,,,,,,,,,,,,,,,,,,,,,,,,
450,-44.895,1029.735514,-44.895,,,,,,,,,,,,,,,,,,,,,,,,,,,,,,,,,,,,,,
451,-44.899,1029.745504,-44.899,,,,,,,,,,,,,,,,,,,,,,,,,,,,,,,,,,,,,,
452,-44.912,1029.755495,-44.912,,,,,,,,,,,,,,,,,,,,,,,,,,,,,,,,,,,,,,
453,-44.926,1029.765485,-44.926,,,,,,,,,,,,,,,,,,,,,,,,,,,,,,,,,,,,,,
454,-44.938,1029.775475,-44.938,,,,,,,,,,,,,,,,,,,,,,,,,,,,,,,,,,,,,,
455,-44.948,1029.785465,-44.948,,,,,,,,,,,,,,,,,,,,,,,,,,,,,,,,,,,,,,
456,-44.961,1029.795455,-44.961,,,,,,,,,,,,,,,,,,,,,,,,,,,,,,,,,,,,,,
457,-44.968,1029.805445,-44.968,,,,,,,,,,,,,,,,,,,,,,,,,,,,,,,,,,,,,,
458,-44.976,1029.815435,-44.976,,,,,,,,,,,,,,,,,,,,,,,,,,,,,,,,,,,,,,
459,-44.99,1029.825425,-44.99,,,,,,,,,,,,,,,,,,,,,,,,,,,,,,,,,,,,,,
460,-45,1029.835415,-45,,,,,,,,,,,,,,,,,,,,,,,,,,,,,,,,,,,,,,
461,-45.008,1029.845405,-45.008,,,,,,,,,,,,,,,,,,,,,,,,,,,,,,,,,,,,,,
462,-45.014,1029.855395,-45.014,,,,,,,,,,,,,,,,,,,,,,,,,,,,,,,,,,,,,,
463,-45.018,1029.865385,-45.018,,,,,,,,,,,,,,,,,,,,,,,,,,,,,,,,,,,,,,
464,-45.02,1029.875375,-45.02,,,,,,,,,,,,,,,,,,,,,,,,,,,,,,,,,,,,,,
465,-45.022,1029.885365,-45.022,,,,,,,,,,,,,,,,,,,,,,,,,,,,,,,,,,,,,,
466,-45.021,1029.895355,-45.021,,,,,,,,,,,,,,,,,,,,,,,,,,,,,,,,,,,,,,
467,-45.018,1029.905345,-45.018,,,,,,,,,,,,,,,,,,,,,,,,,,,,,,,,,,,,,,
468,-45.013,1029.915335,-45.013,,,,,,,,,,,,,,,,,,,,,,,,,,,,,,,,,,,,,,
469,-45.005,1029.925325,-45.005,,,,,,,,,,,,,,,,,,,,,,,,,,,,,,,,,,,,,,
470,-44.998,1029.935315,-44.998,,,,,,,,,,,,,,,,,,,,,,,,,,,,,,,,,,,,,,
471,-44.992,1029.945305,-44.992,,,,,,,,,,,,,,,,,,,,,,,,,,,,,,,,,,,,,,
472,-44.988,1029.955295,-44.988,,,,,,,,,,,,,,,,,,,,,,,,,,,,,,,,,,,,,,
473,-44.979,1029.965285,-44.979,,,,,,,,,,,,,,,,,,,,,,,,,,,,,,,,,,,,,,
474,-44.973,1029.975275,-44.973,,,,,,,,,,,,,,,,,,,,,,,,,,,,,,,,,,,,,,
475,-44.962,1029.985265,-44.962,,,,,,,,,,,,,,,,,,,,,,,,,,,,,,,,,,,,,,
476,-44.947,1029.995255,-44.947,,,,,,,,,,,,,,,,,,,,,,,,,,,,,,,,,,,,,,
477,-44.936,1030.005245,-44.936,,,,,,,,,,,,,,,,,,,,,,,,,,,,,,,,,,,,,,
478,-44.917,1030.015235,-44.917,,,,,,,,,,,,,,,,,,,,,,,,,,,,,,,,,,,,,,
479,-44.898,1030.025225,-44.898,,,,,,,,,,,,,,,,,,,,,,,,,,,,,,,,,,,,,,
480,-44.881,1030.035215,-44.881,,,,,,,,,,,,,,,,,,,,,,,,,,,,,,,,,,,,,,
481,-44.864,1030.045205,-44.864,,,,,,,,,,,,,,,,,,,,,,,,,,,,,,,,,,,,,,
482,-44.843,1030.055195,-44.843,,,,,,,,,,,,,,,,,,,,,,,,,,,,,,,,,,,,,,
483,-44.829,1030.065185,-44.829,,,,,,,,,,,,,,,,,,,,,,,,,,,,,,,,,,,,,,
484,-44.811,1030.075175,-44.811,,,,,,,,,,,,,,,,,,,,,,,,,,,,,,,,,,,,,,
485,-44.792,1030.085165,-44.792,,,,,,,,,,,,,,,,,,,,,,,,,,,,,,,,,,,,,,
486,-44.777,1030.095155,-44.777,,,,,,,,,,,,,,,,,,,,,,,,,,,,,,,,,,,,,,
487,-44.763,1030.105145,-44.763,,,,,,,,,,,,,,,,,,,,,,,,,,,,,,,,,,,,,,
488,-44.751,1030.115135,-44.751,,,,,,,,,,,,,,,,,,,,,,,,,,,,,,,,,,,,,,
489,-44.738,1030.125125,-44.738,,,,,,,,,,,,,,,,,,,,,,,,,,,,,,,,,,,,,,
490,-44.731,1030.135115,-44.731,,,,,,,,,,,,,,,,,,,,,,,,,,,,,,,,,,,,,,
491,-44.721,1030.145105,-44.721,,,,,,,,,,,,,,,,,,,,,,,,,,,,,,,,,,,,,,
492,-44.714,1030.155095,-44.714,,,,,,,,,,,,,,,,,,,,,,,,,,,,,,,,,,,,,,
493,-44.707,1030.165085,-44.707,,,,,,,,,,,,,,,,,,,,,,,,,,,,,,,,,,,,,,
494,-44.703,1030.175075,-44.703,,,,,,,,,,,,,,,,,,,,,,,,,,,,,,,,,,,,,,
495,-44.695,1030.185065,-44.695,,,,,,,,,,,,,,,,,,,,,,,,,,,,,,,,,,,,,,
496,-44.69,1030.195055,-44.69,,,,,,,,,,,,,,,,,,,,,,,,,,,,,,,,,,,,,,
497,-44.685,1030.205045,-44.685,,,,,,,,,,,,,,,,,,,,,,,,,,,,,,,,,,,,,,
498,-44.682,1030.215035,-44.682,,,,,,,,,,,,,,,,,,,,,,,,,,,,,,,,,,,,,,
499,-44.679,1030.225025,-44.679,,,,,,,,,,,,,,,,,,,,,,,,,,,,,,,,,,,,,,
500,-44.675,1030.235015,-44.675,,,,,,,,,,,,,,,,,,,,,,,,,,,,,,,,,,,,,,
501,-44.672,1030.245005,-44.672,,,,,,,,,,,,,,,,,,,,,,,,,,,,,,,,,,,,,,
502,-44.671,1030.254995,-44.671,,,,,,,,,,,,,,,,,,,,,,,,,,,,,,,,,,,,,,
503,-44.668,1030.264985,-44.668,,,,,,,,,,,,,,,,,,,,,,,,,,,,,,,,,,,,,,
504,-44.666,1030.274975,-44.666,,,,,,,,,,,,,,,,,,,,,,,,,,,,,,,,,,,,,,
505,-44.668,1030.284965,-44.668,,,,,,,,,,,,,,,,,,,,,,,,,,,,,,,,,,,,,,
506,-44.666,1030.294955,-44.666,,,,,,,,,,,,,,,,,,,,,,,,,,,,,,,,,,,,,,
507,-44.665,1030.304945,-44.665,,,,,,,,,,,,,,,,,,,,,,,,,,,,,,,,,,,,,,
508,-44.666,1030.314935,-44.666,,,,,,,,,,,,,,,,,,,,,,,,,,,,,,,,,,,,,,
509,-44.675,1030.324925,-44.675,,,,,,,,,,,,,,,,,,,,,,,,,,,,,,,,,,,,,,
510,-44.681,1030.334915,-44.681,,,,,,,,,,,,,,,,,,,,,,,,,,,,,,,,,,,,,,
511,-44.698,1030.344905,-44.698,,,,,,,,,,,,,,,,,,,,,,,,,,,,,,,,,,,,,,
512,-44.715,1030.354895,-44.715,,,,,,,,,,,,,,,,,,,,,,,,,,,,,,,,,,,,,,
513,-44.739,1030.364885,-44.739,,,,,,,,,,,,,,,,,,,,,,,,,,,,,,,,,,,,,,
514,-44.768,1030.374875,-44.768,,,,,,,,,,,,,,,,,,,,,,,,,,,,,,,,,,,,,,
515,-44.816,1030.384865,-44.816,,,,,,,,,,,,,,,,,,,,,,,,,,,,,,,,,,,,,,
516,-44.855,1030.394855,-44.855,,,,,,,,,,,,,,,,,,,,,,,,,,,,,,,,,,,,,,
517,-44.912,1030.404845,-44.912,,,,,,,,,,,,,,,,,,,,,,,,,,,,,,,,,,,,,,
518,-45,1030.414835,-45,,,,,,,,,,,,,,,,,,,,,,,,,,,,,,,,,,,,,,
519,-45.073,1030.424825,-45.073,,,,,,,,,,,,,,,,,,,,,,,,,,,,,,,,,,,,,,
520,-45.18,1030.434815,-45.18,,,,,,,,,,,,,,,,,,,,,,,,,,,,,,,,,,,,,,
521,-45.306,1030.444805,-45.306,,,,,,,,,,,,,,,,,,,,,,,,,,,,,,,,,,,,,,
522,-45.457,1030.454795,-45.457,,,,,,,,,,,,,,,,,,,,,,,,,,,,,,,,,,,,,,
523,-45.606,1030.464785,-45.606,,,,,,,,,,,,,,,,,,,,,,,,,,,,,,,,,,,,,,
524,-45.866,1030.474775,-45.866,,,,,,,,,,,,,,,,,,,,,,,,,,,,,,,,,,,,,,
525,-46.099,1030.484765,-46.099,,,,,,,,,,,,,,,,,,,,,,,,,,,,,,,,,,,,,,
526,-46.353,1030.494755,-46.353,,,,,,,,,,,,,,,,,,,,,,,,,,,,,,,,,,,,,,
527,-46.753,1030.504745,-46.753,,,,,,,,,,,,,,,,,,,,,,,,,,,,,,,,,,,,,,
528,-47.143,1030.514735,-47.143,,,,,,,,,,,,,,,,,,,,,,,,,,,,,,,,,,,,,,
529,-47.603,1030.524725,-47.603,,,,,,,,,,,,,,,,,,,,,,,,,,,,,,,,,,,,,,
530,-48.119,1030.534715,-48.119,,,,,,,,,,,,,,,,,,,,,,,,,,,,,,,,,,,,,,
531,-48.786,1030.544705,-48.786,,,,,,,,,,,,,,,,,,,,,,,,,,,,,,,,,,,,,,
532,-49.324,1030.554695,-49.324,,,,,,,,,,,,,,,,,,,,,,,,,,,,,,,,,,,,,,
533,-50.023,1030.564685,-50.023,,,,,,,,,,,,,,,,,,,,,,,,,,,,,,,,,,,,,,
534,-50.885,1030.574675,-50.885,,,,,,,,,,,,,,,,,,,,,,,,,,,,,,,,,,,,,,
535,-51.641,1030.584665,-51.641,,,,,,,,,,,,,,,,,,,,,,,,,,,,,,,,,,,,,,
536,-52.383,1030.594655,-52.383,,,,,,,,,,,,,,,,,,,,,,,,,,,,,,,,,,,,,,
537,-53.297,1030.604645,-53.297,,,,,,,,,,,,,,,,,,,,,,,,,,,,,,,,,,,,,,
538,-54.3,1030.614635,-54.3,,,,,,,,,,,,,,,,,,,,,,,,,,,,,,,,,,,,,,
539,-55.021,1030.624625,-55.021,,,,,,,,,,,,,,,,,,,,,,,,,,,,,,,,,,,,,,
540,-56.065,1030.634615,-56.065,,,,,,,,,,,,,,,,,,,,,,,,,,,,,,,,,,,,,,
541,-56.944,1030.644605,-56.944,,,,,,,,,,,,,,,,,,,,,,,,,,,,,,,,,,,,,,
542,-57.756,1030.654595,-57.756,,,,,,,,,,,,,,,,,,,,,,,,,,,,,,,,,,,,,,
543,-58.587,1030.664585,-58.587,,,,,,,,,,,,,,,,,,,,,,,,,,,,,,,,,,,,,,
544,-59.938,1030.674575,-59.938,,,,,,,,,,,,,,,,,,,,,,,,,,,,,,,,,,,,,,
545,-60.823,1030.684565,-60.823,,,,,,,,,,,,,,,,,,,,,,,,,,,,,,,,,,,,,,
546,-62.131,1030.694555,-62.131,,,,,,,,,,,,,,,,,,,,,,,,,,,,,,,,,,,,,,
547,-63.636,1030.704545,-63.636,,,,,,,,,,,,,,,,,,,,,,,,,,,,,,,,,,,,,,
548,-64.83,1030.714535,-64.83,,,,,,,,,,,,,,,,,,,,,,,,,,,,,,,,,,,,,,
549,-66.377,1030.724525,-66.377,,,,,,,,,,,,,,,,,,,,,,,,,,,,,,,,,,,,,,
550,-68.207,1030.734515,-68.207,,,,,,,,,,,,,,,,,,,,,,,,,,,,,,,,,,,,,,
551,-69.744,1030.744505,-69.744,,,,,,,,,,,,,,,,,,,,,,,,,,,,,,,,,,,,,,
552,-71.045,1030.754496,-71.045,,,,,,,,,,,,,,,,,,,,,,,,,,,,,,,,,,,,,,
553,-72.577,1030.764486,-72.577,,,,,,,,,,,,,,,,,,,,,,,,,,,,,,,,,,,,,,
554,-73.18,1030.774476,-73.18,,,,,,,,,,,,,,,,,,,,,,,,,,,,,,,,,,,,,,
555,-73.865,1030.784466,-73.865,,,,,,,,,,,,,,,,,,,,,,,,,,,,,,,,,,,,,,
556,-74.332,1030.794456,-74.332,,,,,,,,,,,,,,,,,,,,,,,,,,,,,,,,,,,,,,
557,-74.41,1030.804446,-74.41,,,,,,,,,,,,,,,,,,,,,,,,,,,,,,,,,,,,,,
558,-74.707,1030.814436,-74.707,,,,,,,,,,,,,,,,,,,,,,,,,,,,,,,,,,,,,,
559,-74.93,1030.824426,-74.93,,,,,,,,,,,,,,,,,,,,,,,,,,,,,,,,,,,,,,
560,-75.331,1030.834416,-75.331,,,,,,,,,,,,,,,,,,,,,,,,,,,,,,,,,,,,,,
561,-75.641,1030.844406,-75.641,,,,,,,,,,,,,,,,,,,,,,,,,,,,,,,,,,,,,,
562,-76.03,1030.854396,-76.03,,,,,,,,,,,,,,,,,,,,,,,,,,,,,,,,,,,,,,
563,-75.779,1030.864386,-75.779,,,,,,,,,,,,,,,,,,,,,,,,,,,,,,,,,,,,,,
564,-76.16,1030.874376,-76.16,,,,,,,,,,,,,,,,,,,,,,,,,,,,,,,,,,,,,,
565,-76.365,1030.884366,-76.365,,,,,,,,,,,,,,,,,,,,,,,,,,,,,,,,,,,,,,
566,-76.408,1030.894356,-76.408,,,,,,,,,,,,,,,,,,,,,,,,,,,,,,,,,,,,,,
567,-77.063,1030.904346,-77.063,,,,,,,,,,,,,,,,,,,,,,,,,,,,,,,,,,,,,,
568,-76.885,1030.914336,-76.885,,,,,,,,,,,,,,,,,,,,,,,,,,,,,,,,,,,,,,
569,-76.429,1030.924326,-76.429,,,,,,,,,,,,,,,,,,,,,,,,,,,,,,,,,,,,,,
570,-76.778,1030.934316,-76.778,,,,,,,,,,,,,,,,,,,,,,,,,,,,,,,,,,,,,,
571,-76.836,1030.944306,-76.836,,,,,,,,,,,,,,,,,,,,,,,,,,,,,,,,,,,,,,
572,-76.737,1030.954296,-76.737,,,,,,,,,,,,,,,,,,,,,,,,,,,,,,,,,,,,,,
573,-77.498,1030.964286,-77.498,,,,,,,,,,,,,,,,,,,,,,,,,,,,,,,,,,,,,,
574,-77.443,1030.974276,-77.443,,,,,,,,,,,,,,,,,,,,,,,,,,,,,,,,,,,,,,
575,-77.14,1030.984266,-77.14,,,,,,,,,,,,,,,,,,,,,,,,,,,,,,,,,,,,,,
576,-77.117,1030.994256,-77.117,,,,,,,,,,,,,,,,,,,,,,,,,,,,,,,,,,,,,,
577,-77.272,1031.004246,-77.272,,,,,,,,,,,,,,,,,,,,,,,,,,,,,,,,,,,,,,
578,-77.652,1031.014236,-77.652,,,,,,,,,,,,,,,,,,,,,,,,,,,,,,,,,,,,,,
579,-77.866,1031.024226,-77.866,,,,,,,,,,,,,,,,,,,,,,,,,,,,,,,,,,,,,,
580,-77.47,1031.034216,-77.47,,,,,,,,,,,,,,,,,,,,,,,,,,,,,,,,,,,,,,
581,-77.547,1031.044206,-77.547,,,,,,,,,,,,,,,,,,,,,,,,,,,,,,,,,,,,,,
582,-77.07,1031.054196,-77.07,,,,,,,,,,,,,,,,,,,,,,,,,,,,,,,,,,,,,,
583,-77.028,1031.064186,-77.028,,,,,,,,,,,,,,,,,,,,,,,,,,,,,,,,,,,,,,
584,-77.666,1031.074176,-77.666,,,,,,,,,,,,,,,,,,,,,,,,,,,,,,,,,,,,,,
585,-77.297,1031.084166,-77.297,,,,,,,,,,,,,,,,,,,,,,,,,,,,,,,,,,,,,,
586,-76.895,1031.094156,-76.895,,,,,,,,,,,,,,,,,,,,,,,,,,,,,,,,,,,,,,
587,-76.855,1031.104146,-76.855,,,,,,,,,,,,,,,,,,,,,,,,,,,,,,,,,,,,,,
588,-77.112,1031.114136,-77.112,,,,,,,,,,,,,,,,,,,,,,,,,,,,,,,,,,,,,,
589,-77.271,1031.124126,-77.271,,,,,,,,,,,,,,,,,,,,,,,,,,,,,,,,,,,,,,
590,-76.639,1031.134116,-76.639,,,,,,,,,,,,,,,,,,,,,,,,,,,,,,,,,,,,,,
591,-76.689,1031.144106,-76.689,,,,,,,,,,,,,,,,,,,,,,,,,,,,,,,,,,,,,,
592,-76.773,1031.154096,-76.773,,,,,,,,,,,,,,,,,,,,,,,,,,,,,,,,,,,,,,
593,-76.681,1031.164086,-76.681,,,,,,,,,,,,,,,,,,,,,,,,,,,,,,,,,,,,,,
594,-76.892,1031.174076,-76.892,,,,,,,,,,,,,,,,,,,,,,,,,,,,,,,,,,,,,,
595,-77.264,1031.184066,-77.264,,,,,,,,,,,,,,,,,,,,,,,,,,,,,,,,,,,,,,
596,-76.929,1031.194056,-76.929,,,,,,,,,,,,,,,,,,,,,,,,,,,,,,,,,,,,,,
597,-77.602,1031.204046,-77.602,,,,,,,,,,,,,,,,,,,,,,,,,,,,,,,,,,,,,,
598,-77.123,1031.214036,-77.123,,,,,,,,,,,,,,,,,,,,,,,,,,,,,,,,,,,,,,
599,-77.52,1031.224026,-77.52,,,,,,,,,,,,,,,,,,,,,,,,,,,,,,,,,,,,,,
600,-77.638,1031.234016,-77.638,,,,,,,,,,,,,,,,,,,,,,,,,,,,,,,,,,,,,,
601,-78.035,1031.244006,-78.035,,,,,,,,,,,,,,,,,,,,,,,,,,,,,,,,,,,,,,
602,-78.137,1031.253996,-78.137,,,,,,,,,,,,,,,,,,,,,,,,,,,,,,,,,,,,,,
603,-77.807,1031.263986,-77.807,,,,,,,,,,,,,,,,,,,,,,,,,,,,,,,,,,,,,,
604,-77.329,1031.273976,-77.329,,,,,,,,,,,,,,,,,,,,,,,,,,,,,,,,,,,,,,
605,-77.644,1031.283966,-77.644,,,,,,,,,,,,,,,,,,,,,,,,,,,,,,,,,,,,,,
606,-78.168,1031.293956,-78.168,,,,,,,,,,,,,,,,,,,,,,,,,,,,,,,,,,,,,,
607,-78.081,1031.303946,-78.081,,,,,,,,,,,,,,,,,,,,,,,,,,,,,,,,,,,,,,
608,-78.332,1031.313936,-78.332,,,,,,,,,,,,,,,,,,,,,,,,,,,,,,,,,,,,,,
609,-78.487,1031.323926,-78.487,,,,,,,,,,,,,,,,,,,,,,,,,,,,,,,,,,,,,,
610,-78.529,1031.333916,-78.529,,,,,,,,,,,,,,,,,,,,,,,,,,,,,,,,,,,,,,
611,-78.74,1031.343906,-78.74,,,,,,,,,,,,,,,,,,,,,,,,,,,,,,,,,,,,,,
612,-78.036,1031.353896,-78.036,,,,,,,,,,,,,,,,,,,,,,,,,,,,,,,,,,,,,,
613,-78.186,1031.363886,-78.186,,,,,,,,,,,,,,,,,,,,,,,,,,,,,,,,,,,,,,
614,-78.069,1031.373876,-78.069,,,,,,,,,,,,,,,,,,,,,,,,,,,,,,,,,,,,,,
615,-77.88,1031.383866,-77.88,,,,,,,,,,,,,,,,,,,,,,,,,,,,,,,,,,,,,,
616,-79.028,1031.393856,-79.028,,,,,,,,,,,,,,,,,,,,,,,,,,,,,,,,,,,,,,
617,-78.479,1031.403846,-78.479,,,,,,,,,,,,,,,,,,,,,,,,,,,,,,,,,,,,,,
618,-79.226,1031.413836,-79.226,,,,,,,,,,,,,,,,,,,,,,,,,,,,,,,,,,,,,,
619,-78.767,1031.423826,-78.767,,,,,,,,,,,,,,,,,,,,,,,,,,,,,,,,,,,,,,
620,-78.946,1031.433816,-78.946,,,,,,,,,,,,,,,,,,,,,,,,,,,,,,,,,,,,,,
621,-78.82,1031.443806,-78.82,,,,,,,,,,,,,,,,,,,,,,,,,,,,,,,,,,,,,,
622,-78.868,1031.453796,-78.868,,,,,,,,,,,,,,,,,,,,,,,,,,,,,,,,,,,,,,
623,-79.577,1031.463786,-79.577,,,,,,,,,,,,,,,,,,,,,,,,,,,,,,,,,,,,,,
624,-78.436,1031.473776,-78.436,,,,,,,,,,,,,,,,,,,,,,,,,,,,,,,,,,,,,,
625,-79.32,1031.483766,-79.32,,,,,,,,,,,,,,,,,,,,,,,,,,,,,,,,,,,,,,
626,-79.373,1031.493756,-79.373,,,,,,,,,,,,,,,,,,,,,,,,,,,,,,,,,,,,,,
627,-79.43,1031.503746,-79.43,,,,,,,,,,,,,,,,,,,,,,,,,,,,,,,,,,,,,,
628,-79.327,1031.513736,-79.327,,,,,,,,,,,,,,,,,,,,,,,,,,,,,,,,,,,,,,
629,-79.594,1031.523726,-79.594,,,,,,,,,,,,,,,,,,,,,,,,,,,,,,,,,,,,,,
630,-79.395,1031.533716,-79.395,,,,,,,,,,,,,,,,,,,,,,,,,,,,,,,,,,,,,,
631,-79.132,1031.543706,-79.132,,,,,,,,,,,,,,,,,,,,,,,,,,,,,,,,,,,,,,
632,-79.645,1031.553696,-79.645,,,,,,,,,,,,,,,,,,,,,,,,,,,,,,,,,,,,,,
633,-79.212,1031.563686,-79.212,,,,,,,,,,,,,,,,,,,,,,,,,,,,,,,,,,,,,,
634,-78.986,1031.573676,-78.986,,,,,,,,,,,,,,,,,,,,,,,,,,,,,,,,,,,,,,
635,-79.172,1031.583666,-79.172,,,,,,,,,,,,,,,,,,,,,,,,,,,,,,,,,,,,,,
636,-79.917,1031.593656,-79.917,,,,,,,,,,,,,,,,,,,,,,,,,,,,,,,,,,,,,,
637,-79.448,1031.603646,-79.448,,,,,,,,,,,,,,,,,,,,,,,,,,,,,,,,,,,,,,
638,-79.808,1031.613636,-79.808,,,,,,,,,,,,,,,,,,,,,,,,,,,,,,,,,,,,,,
639,-79.657,1031.623626,-79.657,,,,,,,,,,,,,,,,,,,,,,,,,,,,,,,,,,,,,,
640,-80.175,1031.633616,-80.175,,,,,,,,,,,,,,,,,,,,,,,,,,,,,,,,,,,,,,
641,-80.409,1031.643606,-80.409,,,,,,,,,,,,,,,,,,,,,,,,,,,,,,,,,,,,,,
642,-80.216,1031.653596,-80.216,,,,,,,,,,,,,,,,,,,,,,,,,,,,,,,,,,,,,,
643,-80.277,1031.663586,-80.277,,,,,,,,,,,,,,,,,,,,,,,,,,,,,,,,,,,,,,
644,-80.528,1031.673576,-80.528,,,,,,,,,,,,,,,,,,,,,,,,,,,,,,,,,,,,,,
645,-79.667,1031.683566,-79.667,,,,,,,,,,,,,,,,,,,,,,,,,,,,,,,,,,,,,,
646,-80.086,1031.693556,-80.086,,,,,,,,,,,,,,,,,,,,,,,,,,,,,,,,,,,,,,
647,-79.11,1031.703546,-79.11,,,,,,,,,,,,,,,,,,,,,,,,,,,,,,,,,,,,,,
648,-79.248,1031.713536,-79.248,,,,,,,,,,,,,,,,,,,,,,,,,,,,,,,,,,,,,,
649,-78.863,1031.723526,-78.863,,,,,,,,,,,,,,,,,,,,,,,,,,,,,,,,,,,,,,
650,-79.882,1031.733516,-79.882,,,,,,,,,,,,,,,,,,,,,,,,,,,,,,,,,,,,,,
651,-78.979,1031.743506,-78.979,,,,,,,,,,,,,,,,,,,,,,,,,,,,,,,,,,,,,,
652,-79.617,1031.753497,-79.617,,,,,,,,,,,,,,,,,,,,,,,,,,,,,,,,,,,,,,
653,-79.987,1031.763487,-79.987,,,,,,,,,,,,,,,,,,,,,,,,,,,,,,,,,,,,,,
654,-79.362,1031.773477,-79.362,,,,,,,,,,,,,,,,,,,,,,,,,,,,,,,,,,,,,,
655,-79.436,1031.783467,-79.436,,,,,,,,,,,,,,,,,,,,,,,,,,,,,,,,,,,,,,
656,-80.533,1031.793457,-80.533,,,,,,,,,,,,,,,,,,,,,,,,,,,,,,,,,,,,,,
657,-80.059,1031.803447,-80.059,,,,,,,,,,,,,,,,,,,,,,,,,,,,,,,,,,,,,,
658,-79.768,1031.813437,-79.768,,,,,,,,,,,,,,,,,,,,,,,,,,,,,,,,,,,,,,
659,-79.2,1031.823427,-79.2,,,,,,,,,,,,,,,,,,,,,,,,,,,,,,,,,,,,,,
660,-79.018,1031.833417,-79.018,,,,,,,,,,,,,,,,,,,,,,,,,,,,,,,,,,,,,,
661,-79.029,1031.843407,-79.029,,,,,,,,,,,,,,,,,,,,,,,,,,,,,,,,,,,,,,
662,-79.81,1031.853397,-79.81,,,,,,,,,,,,,,,,,,,,,,,,,,,,,,,,,,,,,,
663,-79.559,1031.863387,-79.559,,,,,,,,,,,,,,,,,,,,,,,,,,,,,,,,,,,,,,
664,-80.43,1031.873377,-80.43,,,,,,,,,,,,,,,,,,,,,,,,,,,,,,,,,,,,,,
665,-79.2,1031.883367,-79.2,,,,,,,,,,,,,,,,,,,,,,,,,,,,,,,,,,,,,,
666,-78.705,1031.893357,-78.705,,,,,,,,,,,,,,,,,,,,,,,,,,,,,,,,,,,,,,
667,-79.177,1031.903347,-79.177,,,,,,,,,,,,,,,,,,,,,,,,,,,,,,,,,,,,,,
668,-79.67,1031.913337,-79.67,,,,,,,,,,,,,,,,,,,,,,,,,,,,,,,,,,,,,,
669,-80.407,1031.923327,-80.407,,,,,,,,,,,,,,,,,,,,,,,,,,,,,,,,,,,,,,
670,-79.849,1031.933317,-79.849,,,,,,,,,,,,,,,,,,,,,,,,,,,,,,,,,,,,,,
671,-79.573,1031.943307,-79.573,,,,,,,,,,,,,,,,,,,,,,,,,,,,,,,,,,,,,,
672,-79.163,1031.953297,-79.163,,,,,,,,,,,,,,,,,,,,,,,,,,,,,,,,,,,,,,
673,-79.599,1031.963287,-79.599,,,,,,,,,,,,,,,,,,,,,,,,,,,,,,,,,,,,,,
674,-79.078,1031.973277,-79.078,,,,,,,,,,,,,,,,,,,,,,,,,,,,,,,,,,,,,,
675,-79.084,1031.983267,-79.084,,,,,,,,,,,,,,,,,,,,,,,,,,,,,,,,,,,,,,
676,-79.242,1031.993257,-79.242,,,,,,,,,,,,,,,,,,,,,,,,,,,,,,,,,,,,,,
677,-79.213,1032.003247,-79.213,,,,,,,,,,,,,,,,,,,,,,,,,,,,,,,,,,,,,,
678,-80.033,1032.013237,-80.033,,,,,,,,,,,,,,,,,,,,,,,,,,,,,,,,,,,,,,
679,-78.803,1032.023227,-78.803,,,,,,,,,,,,,,,,,,,,,,,,,,,,,,,,,,,,,,
680,-79.781,1032.033217,-79.781,,,,,,,,,,,,,,,,,,,,,,,,,,,,,,,,,,,,,,
681,-79.551,1032.043207,-79.551,,,,,,,,,,,,,,,,,,,,,,,,,,,,,,,,,,,,,,
682,-79.663,1032.053197,-79.663,,,,,,,,,,,,,,,,,,,,,,,,,,,,,,,,,,,,,,
683,-79.075,1032.063187,-79.075,,,,,,,,,,,,,,,,,,,,,,,,,,,,,,,,,,,,,,
684,-79.317,1032.073177,-79.317,,,,,,,,,,,,,,,,,,,,,,,,,,,,,,,,,,,,,,
685,-79.456,1032.083167,-79.456,,,,,,,,,,,,,,,,,,,,,,,,,,,,,,,,,,,,,,
686,-79.416,1032.093157,-79.416,,,,,,,,,,,,,,,,,,,,,,,,,,,,,,,,,,,,,,
687,-79.46,1032.103147,-79.46,,,,,,,,,,,,,,,,,,,,,,,,,,,,,,,,,,,,,,
688,-80.236,1032.113137,-80.236,,,,,,,,,,,,,,,,,,,,,,,,,,,,,,,,,,,,,,
689,-80.085,1032.123127,-80.085,,,,,,,,,,,,,,,,,,,,,,,,,,,,,,,,,,,,,,
690,-80.475,1032.133117,-80.475,,,,,,,,,,,,,,,,,,,,,,,,,,,,,,,,,,,,,,
691,-80.788,1032.143107,-80.788,,,,,,,,,,,,,,,,,,,,,,,,,,,,,,,,,,,,,,
692,-80.549,1032.153097,-80.549,,,,,,,,,,,,,,,,,,,,,,,,,,,,,,,,,,,,,,
693,-80.43,1032.163087,-80.43,,,,,,,,,,,,,,,,,,,,,,,,,,,,,,,,,,,,,,
694,-79.958,1032.173077,-79.958,,,,,,,,,,,,,,,,,,,,,,,,,,,,,,,,,,,,,,
695,-80.462,1032.183067,-80.462,,,,,,,,,,,,,,,,,,,,,,,,,,,,,,,,,,,,,,
696,-80.328,1032.193057,-80.328,,,,,,,,,,,,,,,,,,,,,,,,,,,,,,,,,,,,,,
697,-80.29,1032.203047,-80.29,,,,,,,,,,,,,,,,,,,,,,,,,,,,,,,,,,,,,,
698,-80.404,1032.213037,-80.404,,,,,,,,,,,,,,,,,,,,,,,,,,,,,,,,,,,,,,
699,-80.477,1032.223027,-80.477,,,,,,,,,,,,,,,,,,,,,,,,,,,,,,,,,,,,,,
700,-80.841,1032.233017,-80.841,,,,,,,,,,,,,,,,,,,,,,,,,,,,,,,,,,,,,,
701,-81.843,1032.243007,-81.843,,,,,,,,,,,,,,,,,,,,,,,,,,,,,,,,,,,,,,
702,-80.543,1032.252997,-80.543,,,,,,,,,,,,,,,,,,,,,,,,,,,,,,,,,,,,,,
703,-80.401,1032.262987,-80.401,,,,,,,,,,,,,,,,,,,,,,,,,,,,,,,,,,,,,,
704,-80.759,1032.272977,-80.759,,,,,,,,,,,,,,,,,,,,,,,,,,,,,,,,,,,,,,
705,-81.204,1032.282967,-81.204,,,,,,,,,,,,,,,,,,,,,,,,,,,,,,,,,,,,,,
706,-82.11,1032.292957,-82.11,,,,,,,,,,,,,,,,,,,,,,,,,,,,,,,,,,,,,,
707,-81.7,1032.302947,-81.7,,,,,,,,,,,,,,,,,,,,,,,,,,,,,,,,,,,,,,
708,-81.192,1032.312937,-81.192,,,,,,,,,,,,,,,,,,,,,,,,,,,,,,,,,,,,,,
709,-81.429,1032.322927,-81.429,,,,,,,,,,,,,,,,,,,,,,,,,,,,,,,,,,,,,,
710,-80.713,1032.332917,-80.713,,,,,,,,,,,,,,,,,,,,,,,,,,,,,,,,,,,,,,
711,-81.059,1032.342907,-81.059,,,,,,,,,,,,,,,,,,,,,,,,,,,,,,,,,,,,,,
712,-80.435,1032.352897,-80.435,,,,,,,,,,,,,,,,,,,,,,,,,,,,,,,,,,,,,,
713,-80.724,1032.362887,-80.724,,,,,,,,,,,,,,,,,,,,,,,,,,,,,,,,,,,,,,
714,-80.721,1032.372877,-80.721,,,,,,,,,,,,,,,,,,,,,,,,,,,,,,,,,,,,,,
715,-80.834,1032.382867,-80.834,,,,,,,,,,,,,,,,,,,,,,,,,,,,,,,,,,,,,,
716,-81.106,1032.392857,-81.106,,,,,,,,,,,,,,,,,,,,,,,,,,,,,,,,,,,,,,
717,-81.324,1032.402847,-81.324,,,,,,,,,,,,,,,,,,,,,,,,,,,,,,,,,,,,,,
718,-80.994,1032.412837,-80.994,,,,,,,,,,,,,,,,,,,,,,,,,,,,,,,,,,,,,,
719,-80.731,1032.422827,-80.731,,,,,,,,,,,,,,,,,,,,,,,,,,,,,,,,,,,,,,
720,-80.271,1032.432817,-80.271,,,,,,,,,,,,,,,,,,,,,,,,,,,,,,,,,,,,,,
721,-79.723,1032.442807,-79.723,,,,,,,,,,,,,,,,,,,,,,,,,,,,,,,,,,,,,,
722,-81.442,1032.452797,-81.442,,,,,,,,,,,,,,,,,,,,,,,,,,,,,,,,,,,,,,
723,-80.479,1032.462787,-80.479,,,,,,,,,,,,,,,,,,,,,,,,,,,,,,,,,,,,,,
724,-80.798,1032.472777,-80.798,,,,,,,,,,,,,,,,,,,,,,,,,,,,,,,,,,,,,,
725,-80.613,1032.482767,-80.613,,,,,,,,,,,,,,,,,,,,,,,,,,,,,,,,,,,,,,
726,-80.933,1032.492757,-80.933,,,,,,,,,,,,,,,,,,,,,,,,,,,,,,,,,,,,,,
727,-80.745,1032.502747,-80.745,,,,,,,,,,,,,,,,,,,,,,,,,,,,,,,,,,,,,,
728,-81.821,1032.512737,-81.821,,,,,,,,,,,,,,,,,,,,,,,,,,,,,,,,,,,,,,
729,-80.512,1032.522727,-80.512,,,,,,,,,,,,,,,,,,,,,,,,,,,,,,,,,,,,,,
730,-80.542,1032.532717,-80.542,,,,,,,,,,,,,,,,,,,,,,,,,,,,,,,,,,,,,,
731,-80.731,1032.542707,-80.731,,,,,,,,,,,,,,,,,,,,,,,,,,,,,,,,,,,,,,
732,-81.196,1032.552697,-81.196,,,,,,,,,,,,,,,,,,,,,,,,,,,,,,,,,,,,,,
733,-81.219,1032.562687,-81.219,,,,,,,,,,,,,,,,,,,,,,,,,,,,,,,,,,,,,,
734,-80.599,1032.572677,-80.599,,,,,,,,,,,,,,,,,,,,,,,,,,,,,,,,,,,,,,
735,-80.496,1032.582667,-80.496,,,,,,,,,,,,,,,,,,,,,,,,,,,,,,,,,,,,,,
736,-80.513,1032.592657,-80.513,,,,,,,,,,,,,,,,,,,,,,,,,,,,,,,,,,,,,,
737,-80.322,1032.602647,-80.322,,,,,,,,,,,,,,,,,,,,,,,,,,,,,,,,,,,,,,
738,-81.337,1032.612637,-81.337,,,,,,,,,,,,,,,,,,,,,,,,,,,,,,,,,,,,,,
739,-80.626,1032.622627,-80.626,,,,,,,,,,,,,,,,,,,,,,,,,,,,,,,,,,,,,,
740,-81.347,1032.632617,-81.347,,,,,,,,,,,,,,,,,,,,,,,,,,,,,,,,,,,,,,
741,-81.024,1032.642607,-81.024,,,,,,,,,,,,,,,,,,,,,,,,,,,,,,,,,,,,,,
742,-81.057,1032.652597,-81.057,,,,,,,,,,,,,,,,,,,,,,,,,,,,,,,,,,,,,,
743,-81.995,1032.662587,-81.995,,,,,,,,,,,,,,,,,,,,,,,,,,,,,,,,,,,,,,
744,-81.943,1032.672577,-81.943,,,,,,,,,,,,,,,,,,,,,,,,,,,,,,,,,,,,,,
745,-80.871,1032.682567,-80.871,,,,,,,,,,,,,,,,,,,,,,,,,,,,,,,,,,,,,,
746,-82.517,1032.692557,-82.517,,,,,,,,,,,,,,,,,,,,,,,,,,,,,,,,,,,,,,
747,-82.686,1032.702547,-82.686,,,,,,,,,,,,,,,,,,,,,,,,,,,,,,,,,,,,,,
748,-82.773,1032.712537,-82.773,,,,,,,,,,,,,,,,,,,,,,,,,,,,,,,,,,,,,,
749,-81.093,1032.722527,-81.093,,,,,,,,,,,,,,,,,,,,,,,,,,,,,,,,,,,,,,
750,-81.506,1032.732517,-81.506,,,,,,,,,,,,,,,,,,,,,,,,,,,,,,,,,,,,,,
751,-81.758,1032.742507,-81.758,,,,,,,,,,,,,,,,,,,,,,,,,,,,,,,,,,,,,,
752,-81.288,1032.752498,-81.288,,,,,,,,,,,,,,,,,,,,,,,,,,,,,,,,,,,,,,
753,-84.673,1032.762488,-84.673,,,,,,,,,,,,,,,,,,,,,,,,,,,,,,,,,,,,,,
754,-81.357,1032.772478,-81.357,,,,,,,,,,,,,,,,,,,,,,,,,,,,,,,,,,,,,,
755,-80.732,1032.782468,-80.732,,,,,,,,,,,,,,,,,,,,,,,,,,,,,,,,,,,,,,
756,-81.989,1032.792458,-81.989,,,,,,,,,,,,,,,,,,,,,,,,,,,,,,,,,,,,,,
757,-82.924,1032.802448,-82.924,,,,,,,,,,,,,,,,,,,,,,,,,,,,,,,,,,,,,,
758,-81.257,1032.812438,-81.257,,,,,,,,,,,,,,,,,,,,,,,,,,,,,,,,,,,,,,
759,-81.141,1032.822428,-81.141,,,,,,,,,,,,,,,,,,,,,,,,,,,,,,,,,,,,,,
760,-80.465,1032.832418,-80.465,,,,,,,,,,,,,,,,,,,,,,,,,,,,,,,,,,,,,,
761,-82.326,1032.842408,-82.326,,,,,,,,,,,,,,,,,,,,,,,,,,,,,,,,,,,,,,
762,-82.308,1032.852398,-82.308,,,,,,,,,,,,,,,,,,,,,,,,,,,,,,,,,,,,,,
763,-82.602,1032.862388,-82.602,,,,,,,,,,,,,,,,,,,,,,,,,,,,,,,,,,,,,,
764,-82.007,1032.872378,-82.007,,,,,,,,,,,,,,,,,,,,,,,,,,,,,,,,,,,,,,
765,-82.31,1032.882368,-82.31,,,,,,,,,,,,,,,,,,,,,,,,,,,,,,,,,,,,,,
766,-83.036,1032.892358,-83.036,,,,,,,,,,,,,,,,,,,,,,,,,,,,,,,,,,,,,,
767,-83,1032.902348,-83,,,,,,,,,,,,,,,,,,,,,,,,,,,,,,,,,,,,,,
768,-81.885,1032.912338,-81.885,,,,,,,,,,,,,,,,,,,,,,,,,,,,,,,,,,,,,,
769,-82.631,1032.922328,-82.631,,,,,,,,,,,,,,,,,,,,,,,,,,,,,,,,,,,,,,
770,-80.524,1032.932318,-80.524,,,,,,,,,,,,,,,,,,,,,,,,,,,,,,,,,,,,,,
771,-82.442,1032.942308,-82.442,,,,,,,,,,,,,,,,,,,,,,,,,,,,,,,,,,,,,,
772,-82.537,1032.952298,-82.537,,,,,,,,,,,,,,,,,,,,,,,,,,,,,,,,,,,,,,
773,-81.192,1032.962288,-81.192,,,,,,,,,,,,,,,,,,,,,,,,,,,,,,,,,,,,,,
774,-82.712,1032.972278,-82.712,,,,,,,,,,,,,,,,,,,,,,,,,,,,,,,,,,,,,,
775,-82.671,1032.982268,-82.671,,,,,,,,,,,,,,,,,,,,,,,,,,,,,,,,,,,,,,
776,-83.541,1032.992258,-83.541,,,,,,,,,,,,,,,,,,,,,,,,,,,,,,,,,,,,,,
777,-81.469,1033.002248,-81.469,,,,,,,,,,,,,,,,,,,,,,,,,,,,,,,,,,,,,,
778,-81.79,1033.012238,-81.79,,,,,,,,,,,,,,,,,,,,,,,,,,,,,,,,,,,,,,
779,-81.13,1033.022228,-81.13,,,,,,,,,,,,,,,,,,,,,,,,,,,,,,,,,,,,,,
780,-81.868,1033.032218,-81.868,,,,,,,,,,,,,,,,,,,,,,,,,,,,,,,,,,,,,,
781,-82.471,1033.042208,-82.471,,,,,,,,,,,,,,,,,,,,,,,,,,,,,,,,,,,,,,
782,-82.537,1033.052198,-82.537,,,,,,,,,,,,,,,,,,,,,,,,,,,,,,,,,,,,,,
783,-82.807,1033.062188,-82.807,,,,,,,,,,,,,,,,,,,,,,,,,,,,,,,,,,,,,,
784,-81.284,1033.072178,-81.284,,,,,,,,,,,,,,,,,,,,,,,,,,,,,,,,,,,,,,
785,-81.309,1033.082168,-81.309,,,,,,,,,,,,,,,,,,,,,,,,,,,,,,,,,,,,,,
786,-81.073,1033.092158,-81.073,,,,,,,,,,,,,,,,,,,,,,,,,,,,,,,,,,,,,,
787,-80.915,1033.102148,-80.915,,,,,,,,,,,,,,,,,,,,,,,,,,,,,,,,,,,,,,
788,-81.189,1033.112138,-81.189,,,,,,,,,,,,,,,,,,,,,,,,,,,,,,,,,,,,,,
789,-81.666,1033.122128,-81.666,,,,,,,,,,,,,,,,,,,,,,,,,,,,,,,,,,,,,,
790,-81.823,1033.132118,-81.823,,,,,,,,,,,,,,,,,,,,,,,,,,,,,,,,,,,,,,
791,-81.79,1033.142108,-81.79,,,,,,,,,,,,,,,,,,,,,,,,,,,,,,,,,,,,,,
792,-81.197,1033.152098,-81.197,,,,,,,,,,,,,,,,,,,,,,,,,,,,,,,,,,,,,,
793,-80.659,1033.162088,-80.659,,,,,,,,,,,,,,,,,,,,,,,,,,,,,,,,,,,,,,
794,-81.77,1033.172078,-81.77,,,,,,,,,,,,,,,,,,,,,,,,,,,,,,,,,,,,,,
795,-82,1033.182068,-82,,,,,,,,,,,,,,,,,,,,,,,,,,,,,,,,,,,,,,
796,-83.33,1033.192058,-83.33,,,,,,,,,,,,,,,,,,,,,,,,,,,,,,,,,,,,,,
797,-83.687,1033.202048,-83.687,,,,,,,,,,,,,,,,,,,,,,,,,,,,,,,,,,,,,,
798,-82.48,1033.212038,-82.48,,,,,,,,,,,,,,,,,,,,,,,,,,,,,,,,,,,,,,
799,-82.48,1033.222028,-82.48,,,,,,,,,,,,,,,,,,,,,,,,,,,,,,,,,,,,,,
800,-83.113,1033.232018,-83.113,,,,,,,,,,,,,,,,,,,,,,,,,,,,,,,,,,,,,,
801,-83.013,1033.242008,-83.013,,,,,,,,,,,,,,,,,,,,,,,,,,,,,,,,,,,,,,
802,-81.272,1033.251998,-81.272,,,,,,,,,,,,,,,,,,,,,,,,,,,,,,,,,,,,,,
803,-81.713,1033.261988,-81.713,,,,,,,,,,,,,,,,,,,,,,,,,,,,,,,,,,,,,,
804,-82.666,1033.271978,-82.666,,,,,,,,,,,,,,,,,,,,,,,,,,,,,,,,,,,,,,
805,-82.711,1033.281968,-82.711,,,,,,,,,,,,,,,,,,,,,,,,,,,,,,,,,,,,,,
806,-81.339,1033.291958,-81.339,,,,,,,,,,,,,,,,,,,,,,,,,,,,,,,,,,,,,,
807,-82.021,1033.301948,-82.021,,,,,,,,,,,,,,,,,,,,,,,,,,,,,,,,,,,,,,
808,-82.952,1033.311938,-82.952,,,,,,,,,,,,,,,,,,,,,,,,,,,,,,,,,,,,,,
809,-83.072,1033.321928,-83.072,,,,,,,,,,,,,,,,,,,,,,,,,,,,,,,,,,,,,,
810,-82.282,1033.331918,-82.282,,,,,,,,,,,,,,,,,,,,,,,,,,,,,,,,,,,,,,
811,-83.753,1033.341908,-83.753,,,,,,,,,,,,,,,,,,,,,,,,,,,,,,,,,,,,,,
812,-83.511,1033.351898,-83.511,,,,,,,,,,,,,,,,,,,,,,,,,,,,,,,,,,,,,,
813,-81.556,1033.361888,-81.556,,,,,,,,,,,,,,,,,,,,,,,,,,,,,,,,,,,,,,
814,-82.8,1033.371878,-82.8,,,,,,,,,,,,,,,,,,,,,,,,,,,,,,,,,,,,,,
815,-83.881,1033.381868,-83.881,,,,,,,,,,,,,,,,,,,,,,,,,,,,,,,,,,,,,,
816,-82.291,1033.391858,-82.291,,,,,,,,,,,,,,,,,,,,,,,,,,,,,,,,,,,,,,
817,-82.033,1033.401848,-82.033,,,,,,,,,,,,,,,,,,,,,,,,,,,,,,,,,,,,,,
818,-82.303,1033.411838,-82.303,,,,,,,,,,,,,,,,,,,,,,,,,,,,,,,,,,,,,,
819,-81.747,1033.421828,-81.747,,,,,,,,,,,,,,,,,,,,,,,,,,,,,,,,,,,,,,
820,-84.159,1033.431818,-84.159,,,,,,,,,,,,,,,,,,,,,,,,,,,,,,,,,,,,,,
821,-82.552,1033.441808,-82.552,,,,,,,,,,,,,,,,,,,,,,,,,,,,,,,,,,,,,,
822,-81.917,1033.451798,-81.917,,,,,,,,,,,,,,,,,,,,,,,,,,,,,,,,,,,,,,
823,-83.85,1033.461788,-83.85,,,,,,,,,,,,,,,,,,,,,,,,,,,,,,,,,,,,,,
824,-83.094,1033.471778,-83.094,,,,,,,,,,,,,,,,,,,,,,,,,,,,,,,,,,,,,,
825,-83.018,1033.481768,-83.018,,,,,,,,,,,,,,,,,,,,,,,,,,,,,,,,,,,,,,
826,-83.007,1033.491758,-83.007,,,,,,,,,,,,,,,,,,,,,,,,,,,,,,,,,,,,,,
827,-82.093,1033.501748,-82.093,,,,,,,,,,,,,,,,,,,,,,,,,,,,,,,,,,,,,,
828,-81.838,1033.511738,-81.838,,,,,,,,,,,,,,,,,,,,,,,,,,,,,,,,,,,,,,
829,-82.653,1033.521728,-82.653,,,,,,,,,,,,,,,,,,,,,,,,,,,,,,,,,,,,,,
830,-82.861,1033.531718,-82.861,,,,,,,,,,,,,,,,,,,,,,,,,,,,,,,,,,,,,,
831,-84.116,1033.541708,-84.116,,,,,,,,,,,,,,,,,,,,,,,,,,,,,,,,,,,,,,
832,-82.247,1033.551698,-82.247,,,,,,,,,,,,,,,,,,,,,,,,,,,,,,,,,,,,,,
833,-82.451,1033.561688,-82.451,,,,,,,,,,,,,,,,,,,,,,,,,,,,,,,,,,,,,,
834,-82.684,1033.571678,-82.684,,,,,,,,,,,,,,,,,,,,,,,,,,,,,,,,,,,,,,
835,-82.559,1033.581668,-82.559,,,,,,,,,,,,,,,,,,,,,,,,,,,,,,,,,,,,,,
836,-81.97,1033.591658,-81.97,,,,,,,,,,,,,,,,,,,,,,,,,,,,,,,,,,,,,,
837,-82.692,1033.601648,-82.692,,,,,,,,,,,,,,,,,,,,,,,,,,,,,,,,,,,,,,
838,-81.533,1033.611638,-81.533,,,,,,,,,,,,,,,,,,,,,,,,,,,,,,,,,,,,,,
839,-82.284,1033.621628,-82.284,,,,,,,,,,,,,,,,,,,,,,,,,,,,,,,,,,,,,,
840,-82.348,1033.631618,-82.348,,,,,,,,,,,,,,,,,,,,,,,,,,,,,,,,,,,,,,
841,-82.988,1033.641608,-82.988,,,,,,,,,,,,,,,,,,,,,,,,,,,,,,,,,,,,,,
842,-85.316,1033.651598,-85.316,,,,,,,,,,,,,,,,,,,,,,,,,,,,,,,,,,,,,,
843,-83.507,1033.661588,-83.507,,,,,,,,,,,,,,,,,,,,,,,,,,,,,,,,,,,,,,
844,-87.239,1033.671578,-87.239,,,,,,,,,,,,,,,,,,,,,,,,,,,,,,,,,,,,,,
845,-83.767,1033.681568,-83.767,,,,,,,,,,,,,,,,,,,,,,,,,,,,,,,,,,,,,,
846,-83.956,1033.691558,-83.956,,,,,,,,,,,,,,,,,,,,,,,,,,,,,,,,,,,,,,
847,-84.652,1033.701548,-84.652,,,,,,,,,,,,,,,,,,,,,,,,,,,,,,,,,,,,,,
848,-82.911,1033.711538,-82.911,,,,,,,,,,,,,,,,,,,,,,,,,,,,,,,,,,,,,,
849,-84.225,1033.721528,-84.225,,,,,,,,,,,,,,,,,,,,,,,,,,,,,,,,,,,,,,
850,-82.647,1033.731518,-82.647,,,,,,,,,,,,,,,,,,,,,,,,,,,,,,,,,,,,,,
851,-82.41,1033.741508,-82.41,,,,,,,,,,,,,,,,,,,,,,,,,,,,,,,,,,,,,,
852,-84.189,1033.751499,-84.189,,,,,,,,,,,,,,,,,,,,,,,,,,,,,,,,,,,,,,
853,-81.502,1033.761489,-81.502,,,,,,,,,,,,,,,,,,,,,,,,,,,,,,,,,,,,,,
854,-82.954,1033.771479,-82.954,,,,,,,,,,,,,,,,,,,,,,,,,,,,,,,,,,,,,,
855,-83.648,1033.781469,-83.648,,,,,,,,,,,,,,,,,,,,,,,,,,,,,,,,,,,,,,
856,-82.824,1033.791459,-82.824,,,,,,,,,,,,,,,,,,,,,,,,,,,,,,,,,,,,,,
857,-83.488,1033.801449,-83.488,,,,,,,,,,,,,,,,,,,,,,,,,,,,,,,,,,,,,,
858,-85.03,1033.811439,-85.03,,,,,,,,,,,,,,,,,,,,,,,,,,,,,,,,,,,,,,
859,-84.944,1033.821429,-84.944,,,,,,,,,,,,,,,,,,,,,,,,,,,,,,,,,,,,,,
860,-83.779,1033.831419,-83.779,,,,,,,,,,,,,,,,,,,,,,,,,,,,,,,,,,,,,,
861,-84.32,1033.841409,-84.32,,,,,,,,,,,,,,,,,,,,,,,,,,,,,,,,,,,,,,
862,-83.476,1033.851399,-83.476,,,,,,,,,,,,,,,,,,,,,,,,,,,,,,,,,,,,,,
863,-84.094,1033.861389,-84.094,,,,,,,,,,,,,,,,,,,,,,,,,,,,,,,,,,,,,,
864,-82.679,1033.871379,-82.679,,,,,,,,,,,,,,,,,,,,,,,,,,,,,,,,,,,,,,
865,-81.729,1033.881369,-81.729,,,,,,,,,,,,,,,,,,,,,,,,,,,,,,,,,,,,,,
866,-83.321,1033.891359,-83.321,,,,,,,,,,,,,,,,,,,,,,,,,,,,,,,,,,,,,,
867,-83.986,1033.901349,-83.986,,,,,,,,,,,,,,,,,,,,,,,,,,,,,,,,,,,,,,
868,-83.297,1033.911339,-83.297,,,,,,,,,,,,,,,,,,,,,,,,,,,,,,,,,,,,,,
869,-83.035,1033.921329,-83.035,,,,,,,,,,,,,,,,,,,,,,,,,,,,,,,,,,,,,,
870,-82.202,1033.931319,-82.202,,,,,,,,,,,,,,,,,,,,,,,,,,,,,,,,,,,,,,
871,-83.443,1033.941309,-83.443,,,,,,,,,,,,,,,,,,,,,,,,,,,,,,,,,,,,,,
872,-82.028,1033.951299,-82.028,,,,,,,,,,,,,,,,,,,,,,,,,,,,,,,,,,,,,,
873,-82.995,1033.961289,-82.995,,,,,,,,,,,,,,,,,,,,,,,,,,,,,,,,,,,,,,
874,-82.564,1033.971279,-82.564,,,,,,,,,,,,,,,,,,,,,,,,,,,,,,,,,,,,,,
875,-83.721,1033.981269,-83.721,,,,,,,,,,,,,,,,,,,,,,,,,,,,,,,,,,,,,,
876,-84.427,1033.991259,-84.427,,,,,,,,,,,,,,,,,,,,,,,,,,,,,,,,,,,,,,
877,-83.071,1034.001249,-83.071,,,,,,,,,,,,,,,,,,,,,,,,,,,,,,,,,,,,,,
878,-85.676,1034.011239,-85.676,,,,,,,,,,,,,,,,,,,,,,,,,,,,,,,,,,,,,,
879,-83.022,1034.021229,-83.022,,,,,,,,,,,,,,,,,,,,,,,,,,,,,,,,,,,,,,
880,-82.292,1034.031219,-82.292,,,,,,,,,,,,,,,,,,,,,,,,,,,,,,,,,,,,,,
881,-82.543,1034.041209,-82.543,,,,,,,,,,,,,,,,,,,,,,,,,,,,,,,,,,,,,,
882,-83.986,1034.051199,-83.986,,,,,,,,,,,,,,,,,,,,,,,,,,,,,,,,,,,,,,
883,-83.951,1034.061189,-83.951,,,,,,,,,,,,,,,,,,,,,,,,,,,,,,,,,,,,,,
884,-83.202,1034.071179,-83.202,,,,,,,,,,,,,,,,,,,,,,,,,,,,,,,,,,,,,,
885,-83.176,1034.081169,-83.176,,,,,,,,,,,,,,,,,,,,,,,,,,,,,,,,,,,,,,
886,-85.056,1034.091159,-85.056,,,,,,,,,,,,,,,,,,,,,,,,,,,,,,,,,,,,,,
887,-82.044,1034.101149,-82.044,,,,,,,,,,,,,,,,,,,,,,,,,,,,,,,,,,,,,,
888,-82.614,1034.111139,-82.614,,,,,,,,,,,,,,,,,,,,,,,,,,,,,,,,,,,,,,
889,-82.337,1034.121129,-82.337,,,,,,,,,,,,,,,,,,,,,,,,,,,,,,,,,,,,,,
890,-82.431,1034.131119,-82.431,,,,,,,,,,,,,,,,,,,,,,,,,,,,,,,,,,,,,,
891,-84.226,1034.141109,-84.226,,,,,,,,,,,,,,,,,,,,,,,,,,,,,,,,,,,,,,
892,-85.064,1034.151099,-85.064,,,,,,,,,,,,,,,,,,,,,,,,,,,,,,,,,,,,,,
893,-83.6,1034.161089,-83.6,,,,,,,,,,,,,,,,,,,,,,,,,,,,,,,,,,,,,,
894,-84.395,1034.171079,-84.395,,,,,,,,,,,,,,,,,,,,,,,,,,,,,,,,,,,,,,
895,-84.36,1034.181069,-84.36,,,,,,,,,,,,,,,,,,,,,,,,,,,,,,,,,,,,,,
896,-84.521,1034.191059,-84.521,,,,,,,,,,,,,,,,,,,,,,,,,,,,,,,,,,,,,,
897,-86.79,1034.201049,-86.79,,,,,,,,,,,,,,,,,,,,,,,,,,,,,,,,,,,,,,
898,-89.172,1034.211039,-89.172,,,,,,,,,,,,,,,,,,,,,,,,,,,,,,,,,,,,,,
899,-84.176,1034.221029,-84.176,,,,,,,,,,,,,,,,,,,,,,,,,,,,,,,,,,,,,,
900,-82.85,1034.231019,-82.85,,,,,,,,,,,,,,,,,,,,,,,,,,,,,,,,,,,,,,
901,-85.105,1034.241009,-85.105,,,,,,,,,,,,,,,,,,,,,,,,,,,,,,,,,,,,,,
902,-83.649,1034.250999,-83.649,,,,,,,,,,,,,,,,,,,,,,,,,,,,,,,,,,,,,,
903,-85.638,1034.260989,-85.638,,,,,,,,,,,,,,,,,,,,,,,,,,,,,,,,,,,,,,
904,-84.614,1034.270979,-84.614,,,,,,,,,,,,,,,,,,,,,,,,,,,,,,,,,,,,,,
905,-83.261,1034.280969,-83.261,,,,,,,,,,,,,,,,,,,,,,,,,,,,,,,,,,,,,,
906,-82.352,1034.290959,-82.352,,,,,,,,,,,,,,,,,,,,,,,,,,,,,,,,,,,,,,
907,-83.285,1034.300949,-83.285,,,,,,,,,,,,,,,,,,,,,,,,,,,,,,,,,,,,,,
908,-83.409,1034.310939,-83.409,,,,,,,,,,,,,,,,,,,,,,,,,,,,,,,,,,,,,,
909,-81.606,1034.320929,-81.606,,,,,,,,,,,,,,,,,,,,,,,,,,,,,,,,,,,,,,
910,-84.667,1034.330919,-84.667,,,,,,,,,,,,,,,,,,,,,,,,,,,,,,,,,,,,,,
911,-82.82,1034.340909,-82.82,,,,,,,,,,,,,,,,,,,,,,,,,,,,,,,,,,,,,,
912,-84.192,1034.350899,-84.192,,,,,,,,,,,,,,,,,,,,,,,,,,,,,,,,,,,,,,
913,-83.175,1034.360889,-83.175,,,,,,,,,,,,,,,,,,,,,,,,,,,,,,,,,,,,,,
914,-84.067,1034.370879,-84.067,,,,,,,,,,,,,,,,,,,,,,,,,,,,,,,,,,,,,,
915,-82.33,1034.380869,-82.33,,,,,,,,,,,,,,,,,,,,,,,,,,,,,,,,,,,,,,
916,-82.873,1034.390859,-82.873,,,,,,,,,,,,,,,,,,,,,,,,,,,,,,,,,,,,,,
917,-82.82,1034.400849,-82.82,,,,,,,,,,,,,,,,,,,,,,,,,,,,,,,,,,,,,,
918,-82.824,1034.410839,-82.824,,,,,,,,,,,,,,,,,,,,,,,,,,,,,,,,,,,,,,
919,-83.451,1034.420829,-83.451,,,,,,,,,,,,,,,,,,,,,,,,,,,,,,,,,,,,,,
920,-83.006,1034.430819,-83.006,,,,,,,,,,,,,,,,,,,,,,,,,,,,,,,,,,,,,,
921,-82.679,1034.440809,-82.679,,,,,,,,,,,,,,,,,,,,,,,,,,,,,,,,,,,,,,
922,-83.183,1034.450799,-83.183,,,,,,,,,,,,,,,,,,,,,,,,,,,,,,,,,,,,,,
923,-82.8,1034.460789,-82.8,,,,,,,,,,,,,,,,,,,,,,,,,,,,,,,,,,,,,,
924,-83.283,1034.470779,-83.283,,,,,,,,,,,,,,,,,,,,,,,,,,,,,,,,,,,,,,
925,-83.372,1034.480769,-83.372,,,,,,,,,,,,,,,,,,,,,,,,,,,,,,,,,,,,,,
926,-83.162,1034.490759,-83.162,,,,,,,,,,,,,,,,,,,,,,,,,,,,,,,,,,,,,,
927,-84.379,1034.500749,-84.379,,,,,,,,,,,,,,,,,,,,,,,,,,,,,,,,,,,,,,
928,-84.86,1034.510739,-84.86,,,,,,,,,,,,,,,,,,,,,,,,,,,,,,,,,,,,,,
929,-84.222,1034.520729,-84.222,,,,,,,,,,,,,,,,,,,,,,,,,,,,,,,,,,,,,,
930,-82.627,1034.530719,-82.627,,,,,,,,,,,,,,,,,,,,,,,,,,,,,,,,,,,,,,
931,-84.174,1034.540709,-84.174,,,,,,,,,,,,,,,,,,,,,,,,,,,,,,,,,,,,,,
932,-87.23,1034.550699,-87.23,,,,,,,,,,,,,,,,,,,,,,,,,,,,,,,,,,,,,,
933,-83.192,1034.560689,-83.192,,,,,,,,,,,,,,,,,,,,,,,,,,,,,,,,,,,,,,
934,-82.753,1034.570679,-82.753,,,,,,,,,,,,,,,,,,,,,,,,,,,,,,,,,,,,,,
935,-83.966,1034.580669,-83.966,,,,,,,,,,,,,,,,,,,,,,,,,,,,,,,,,,,,,,
936,-84.597,1034.590659,-84.597,,,,,,,,,,,,,,,,,,,,,,,,,,,,,,,,,,,,,,
937,-83.078,1034.600649,-83.078,,,,,,,,,,,,,,,,,,,,,,,,,,,,,,,,,,,,,,
938,-84.124,1034.610639,-84.124,,,,,,,,,,,,,,,,,,,,,,,,,,,,,,,,,,,,,,
939,-83.025,1034.620629,-83.025,,,,,,,,,,,,,,,,,,,,,,,,,,,,,,,,,,,,,,
940,-84.36,1034.630619,-84.36,,,,,,,,,,,,,,,,,,,,,,,,,,,,,,,,,,,,,,
941,-83.074,1034.640609,-83.074,,,,,,,,,,,,,,,,,,,,,,,,,,,,,,,,,,,,,,
942,-83.379,1034.650599,-83.379,,,,,,,,,,,,,,,,,,,,,,,,,,,,,,,,,,,,,,
943,-83.344,1034.660589,-83.344,,,,,,,,,,,,,,,,,,,,,,,,,,,,,,,,,,,,,,
944,-83.078,1034.670579,-83.078,,,,,,,,,,,,,,,,,,,,,,,,,,,,,,,,,,,,,,
945,-83.459,1034.680569,-83.459,,,,,,,,,,,,,,,,,,,,,,,,,,,,,,,,,,,,,,
946,-84.124,1034.690559,-84.124,,,,,,,,,,,,,,,,,,,,,,,,,,,,,,,,,,,,,,
947,-84.093,1034.700549,-84.093,,,,,,,,,,,,,,,,,,,,,,,,,,,,,,,,,,,,,,
948,-84.904,1034.710539,-84.904,,,,,,,,,,,,,,,,,,,,,,,,,,,,,,,,,,,,,,
949,-84.253,1034.720529,-84.253,,,,,,,,,,,,,,,,,,,,,,,,,,,,,,,,,,,,,,
950,-82.888,1034.730519,-82.888,,,,,,,,,,,,,,,,,,,,,,,,,,,,,,,,,,,,,,
951,-82.616,1034.740509,-82.616,,,,,,,,,,,,,,,,,,,,,,,,,,,,,,,,,,,,,,
952,-82.39,1034.7505,-82.39,,,,,,,,,,,,,,,,,,,,,,,,,,,,,,,,,,,,,,
953,-82.782,1034.76049,-82.782,,,,,,,,,,,,,,,,,,,,,,,,,,,,,,,,,,,,,,
954,-83.667,1034.77048,-83.667,,,,,,,,,,,,,,,,,,,,,,,,,,,,,,,,,,,,,,
955,-83.153,1034.78047,-83.153,,,,,,,,,,,,,,,,,,,,,,,,,,,,,,,,,,,,,,
956,-83.276,1034.79046,-83.276,,,,,,,,,,,,,,,,,,,,,,,,,,,,,,,,,,,,,,
957,-83.757,1034.80045,-83.757,,,,,,,,,,,,,,,,,,,,,,,,,,,,,,,,,,,,,,
958,-84.564,1034.81044,-84.564,,,,,,,,,,,,,,,,,,,,,,,,,,,,,,,,,,,,,,
959,-86.374,1034.82043,-86.374,,,,,,,,,,,,,,,,,,,,,,,,,,,,,,,,,,,,,,
960,-84.058,1034.83042,-84.058,,,,,,,,,,,,,,,,,,,,,,,,,,,,,,,,,,,,,,
961,-84.214,1034.84041,-84.214,,,,,,,,,,,,,,,,,,,,,,,,,,,,,,,,,,,,,,
962,-86.399,1034.8504,-86.399,,,,,,,,,,,,,,,,,,,,,,,,,,,,,,,,,,,,,,
963,-85.725,1034.86039,-85.725,,,,,,,,,,,,,,,,,,,,,,,,,,,,,,,,,,,,,,
964,-83.668,1034.87038,-83.668,,,,,,,,,,,,,,,,,,,,,,,,,,,,,,,,,,,,,,
965,-84.619,1034.88037,-84.619,,,,,,,,,,,,,,,,,,,,,,,,,,,,,,,,,,,,,,
966,-83.238,1034.89036,-83.238,,,,,,,,,,,,,,,,,,,,,,,,,,,,,,,,,,,,,,
967,-83.49,1034.90035,-83.49,,,,,,,,,,,,,,,,,,,,,,,,,,,,,,,,,,,,,,
968,-84.158,1034.91034,-84.158,,,,,,,,,,,,,,,,,,,,,,,,,,,,,,,,,,,,,,
969,-85.077,1034.92033,-85.077,,,,,,,,,,,,,,,,,,,,,,,,,,,,,,,,,,,,,,
970,-83.607,1034.93032,-83.607,,,,,,,,,,,,,,,,,,,,,,,,,,,,,,,,,,,,,,
971,-84.79,1034.94031,-84.79,,,,,,,,,,,,,,,,,,,,,,,,,,,,,,,,,,,,,,
972,-83.421,1034.9503,-83.421,,,,,,,,,,,,,,,,,,,,,,,,,,,,,,,,,,,,,,
973,-84.187,1034.96029,-84.187,,,,,,,,,,,,,,,,,,,,,,,,,,,,,,,,,,,,,,
974,-85.512,1034.97028,-85.512,,,,,,,,,,,,,,,,,,,,,,,,,,,,,,,,,,,,,,
975,-84.029,1034.98027,-84.029,,,,,,,,,,,,,,,,,,,,,,,,,,,,,,,,,,,,,,
976,-82.766,1034.99026,-82.766,,,,,,,,,,,,,,,,,,,,,,,,,,,,,,,,,,,,,,
977,-84.384,1035.00025,-84.384,,,,,,,,,,,,,,,,,,,,,,,,,,,,,,,,,,,,,,
978,-85.966,1035.01024,-85.966,,,,,,,,,,,,,,,,,,,,,,,,,,,,,,,,,,,,,,
979,-85.131,1035.02023,-85.131,,,,,,,,,,,,,,,,,,,,,,,,,,,,,,,,,,,,,,
980,-82.978,1035.03022,-82.978,,,,,,,,,,,,,,,,,,,,,,,,,,,,,,,,,,,,,,
981,-83.192,1035.04021,-83.192,,,,,,,,,,,,,,,,,,,,,,,,,,,,,,,,,,,,,,
982,-83.325,1035.0502,-83.325,,,,,,,,,,,,,,,,,,,,,,,,,,,,,,,,,,,,,,
983,-85.955,1035.06019,-85.955,,,,,,,,,,,,,,,,,,,,,,,,,,,,,,,,,,,,,,
984,-86.457,1035.07018,-86.457,,,,,,,,,,,,,,,,,,,,,,,,,,,,,,,,,,,,,,
985,-83.832,1035.08017,-83.832,,,,,,,,,,,,,,,,,,,,,,,,,,,,,,,,,,,,,,
986,-83.914,1035.09016,-83.914,,,,,,,,,,,,,,,,,,,,,,,,,,,,,,,,,,,,,,
987,-84.129,1035.10015,-84.129,,,,,,,,,,,,,,,,,,,,,,,,,,,,,,,,,,,,,,
988,-83.878,1035.11014,-83.878,,,,,,,,,,,,,,,,,,,,,,,,,,,,,,,,,,,,,,
989,-85.151,1035.12013,-85.151,,,,,,,,,,,,,,,,,,,,,,,,,,,,,,,,,,,,,,
990,-86.817,1035.13012,-86.817,,,,,,,,,,,,,,,,,,,,,,,,,,,,,,,,,,,,,,
991,-84.103,1035.14011,-84.103,,,,,,,,,,,,,,,,,,,,,,,,,,,,,,,,,,,,,,
992,-84.711,1035.1501,-84.711,,,,,,,,,,,,,,,,,,,,,,,,,,,,,,,,,,,,,,
993,-83.354,1035.16009,-83.354,,,,,,,,,,,,,,,,,,,,,,,,,,,,,,,,,,,,,,
994,-84.338,1035.17008,-84.338,,,,,,,,,,,,,,,,,,,,,,,,,,,,,,,,,,,,,,
995,-84.941,1035.18007,-84.941,,,,,,,,,,,,,,,,,,,,,,,,,,,,,,,,,,,,,,
996,-84.945,1035.19006,-84.945,,,,,,,,,,,,,,,,,,,,,,,,,,,,,,,,,,,,,,
997,-83.828,1035.20005,-83.828,,,,,,,,,,,,,,,,,,,,,,,,,,,,,,,,,,,,,,
998,-83.58,1035.21004,-83.58,,,,,,,,,,,,,,,,,,,,,,,,,,,,,,,,,,,,,,
999,-84.577,1035.22003,-84.577,,,,,,,,,,,,,,,,,,,,,,,,,,,,,,,,,,,,,,
1000,-84.297,1035.23002,-84.297,,,,,,,,,,,,,,,,,,,,,,,,,,,,,,,,,,,,,,
1001,-88.633,1035.24001,-88.633,,,,,,,,,,,,,,,,,,,,,,,,,,,,,,,,,,,,,,
,,,,,,,,,,,,,,,,,,,,,,,,,,,,,,,,,,,,,,,,,
,,,,,,,,,,,,,,,,,,,,,,,,,,,,,,,,,,,,,,,,,
STATE,0.vs,ZZZZZ000000097CW00lWW0mbyy7oOdm05(udn8c)8crGssZ(PBzQ7Q,Z6xhKXA9He6DCk1SfkHLELTm3V0IHt8N1AGHAG5UzR(RPAMfAKfeBQ,Z0VSYvS7IcZTq3881EeXIOZMrkZdfdVdG4zbs200,,,,,,,,,,,,,,,,,,,,,,,,,,,,,,,,,,,,,
STATE,1.vs,ZZZZZ000001570CW00lq1Dy4zi7Ra6CGc)0an8coi2QWoStwoZUmFU,ZeZBVLh)d9Qz8t7Fd2n92G1MmH003TwuLF(Dkkb)rlUlhUY)ze3DfK,ZaRU3IQcyKMmsN(sMo2rrQqxHUZ18N58dflFw62AHPW3TqJGhhoDEH,Z7DxrTmS1VeXI82AIYPDvaVStLFchfQwNzcNdYMWWZ9n)Yp)sFVWFk,ZlIHBWJnIbS66CdTYlzlRzwFjIw0Qiycp6t82YR0di5QBRRlcJX2zb,Z3EoFNQkFZSoPEdTVn7kxTBiQy(Z)XJhr7I840hAwdI5hvfZlVsbEm,ZUVOOt)ILQoUMuaA)4nGrt8JIuDy7FgFjgDjlnjiZvBlkKddhjHGAI,Z2Qme3u664eADPg38ye)iNWaoWCDsaXD2NCUAUgdF2KMDLICc8KxC(,ZJKj4at8P6D)YSie(yt5wewgiy9nRzZ7e7rvcqJVTInI0KYXgK1svR,ZlCbAJ15skQUEoINS3Y4z8vLrzu0H1DSJ8IBx3UZIhbqljnuKtjUNc,ZUOo(z3hbDbWPPzUOZZQ3aFXNYbS3QxcQD72f)lg5ScLyrCxbL1PCN,Zsdx1oLRcVL6u9KiWwHPGOqgKQeFwFDTWp8sZx5tEhdrab2XPPKKzI,ZsNqmJpcMQqpi8n)dsb42LLUNzcW0y0dPWsBfyEKfmPUL1ZkMa908y,ZDOBB7Le7)fOCSqBi843QoqyGukeHu5wfa5RHoPBKtiukeUTwQUkQ0,Zh(CjNQR86a57AWAoTIjy4L9oVW1ZS7pS3X)aTsjlcoRZaAp1pVqjQ,ZyglhQ01uQq4Brt9dO8WlSOB)K9ZcgzSszAOrGsj17(K6)ZjIjXPHN,ZUtwalJO9DI9ZFvhupA5VBXxqYB3lHOSDXTesGQCQnYQ6ommiUvdJW,ZEnWHD)Z47z9uo3diq45Z8mNgZS9KqeBEd(WSrxYpcDZB8rFj7dP3s,ZVgXElqAh5xZBvI0kUEJs8pLeQBGcjhJ36XpXiQOy2s0ppdG(9Ytha,ZA1sLh4EzfR16LHXRs2eVmMzxgQ1qaqp3Y)dmQRF0m8ZIqmav14q1I,ZtjPlupjmMKCmwBlDUk(UDcz(VUz1j6Hvx17qFtRpZxHIEb9yLub)f,ZXFPFkRfTn2TFL4JqlYtHDvemDmqH)GRStlqIMtWnXPiPBZYxjbwKt,ZYUCUxj0kD08(DAEeVQvhA2rVWZsQ5uk6XmIMTppi(hpHgBp)1SP)g,ZrM9RNvUxWjzJKrbYzZbaGSBbAMJVHzVrT6TFm(5NR7SKjm77wSeOH,Z8h1JMX39s9l4FAzqU2UCsUkYHVJKRXBwy3HZ5(i3OiTNw0WaAtyGi,ZFk6nlfoLzDftlU(5(NfgHZgHMIQ4LxX2FBJaDW1u8On7sWicWSAfK,Z7NMC9eFTNRhBBTcCdOqXcFks8L(TGbX9UEE)o8NjTPkYYtsQGayfr,Zm1g3U5vFGFrHLKDnevKrx37HqGyJ7)PESrqHndmZkFKqMDpVEt15Z,Zoj2(wsw9K8u0ztj0fpVjf0hvh87XNgXfBGZPxC2u3kYkEYMrXC(6s,ZO9WhSXJSGcEbpxkbkIFxl6OzeP(Sfp8tUxXD00mGNsYInwbZ9D0fi,ZiFn)TclqHRaGZ)P6msJOGsZy8wSLOLnZvDGJOgBvnxQpPo1CRA8VA,ZjKgQkJYYv5VXIWCN42bRZGge)0VJmalpFi0m6bzyv5GErCYNgzl8I,ZbTvNAa7P1rmsGNSrBSimC48)DrfhXZNa82rs5DHJZR(cU8TnT41IH,Zmd3ictM(rBQgxD2YtxPPNkKl(k3i3kGJWY7GRTmrTrz8lkjm7IL6e,ZNUTMSg)6mpzZMugIB37M4nmZ(G55cQa6Ze5YeiQSnmsYW)0UdNe7Y,Z7)49LZ51MIGg3duR3cIDaiik3eExC3LSUEIFe1)93HnshV99LGIv(,ZmpHCUYzIMeT9UH50HPsO4nL6kg5Mjdt(nS1ReW)pHN)fnIt5noPik,ZSJXGITIMJxjj7T5nkYSCdarWGzm(cO2msJdBAaIJH5U5R30hfwZ1S,ZoVITFstQeh3Skhha46l1Xo6RhZYnHzCBGOFYzIsAaZXbikM3266cW,ZmfClILbG9J0v)I)YFkFN7UD1hhkCHapaLVdE1ra100
,,,,,,,,,,,,,,,,,,,,,,,,,,,,,,,,,,,,,,,,,
